num_of_agents,items_per_agent,value_noise_ratio,alpha,algorithm,seed,success,max_overload,runtime,num_items,instance_size
10,3,0.0,0.8,hffd,0,1,-0.3199999999999932,0.0009549599926685,30,300
10,3,0.0,0.8,hffd,1,1,-0.8800000000000239,0.0010089080024044,30,300
10,3,0.0,0.8,hffd,2,1,-0.3199999999999932,0.0017071220063371,30,300
10,3,0.0,0.8,hffd,3,1,-0.4400000000000119,0.0010723279992816,30,300
10,3,0.0,0.8,hffd,4,1,-0.4399999999999977,0.0016597630019532,30,300
10,3,0.0,1.0,hffd,0,1,-0.9000000000000057,0.0009594470029696,30,300
10,3,0.0,1.0,hffd,1,1,-0.5999999999999943,0.0012032339873258,30,300
10,3,0.0,1.0,hffd,2,1,-0.9000000000000057,0.0010472629946889,30,300
10,3,0.0,1.0,hffd,3,1,-0.8000000000000114,0.0010782329918583,30,300
10,3,0.0,1.0,hffd,4,1,-0.3000000000000113,0.0009808210015762,30,300
10,3,0.0,1.2,hffd,0,1,-0.4799999999999613,0.0011012150062015,30,300
10,3,0.0,1.2,hffd,1,1,-0.3199999999999932,0.0010916759929386,30,300
10,3,0.0,1.2,hffd,2,1,-0.4799999999999897,0.0010761760058812,30,300
10,3,0.0,1.2,hffd,3,1,-0.1599999999999966,0.0011852000025101,30,300
10,3,0.0,1.2,hffd,4,1,-1.1599999999999966,0.0019415569986449,30,300
10,3,0.3,0.8,hffd,0,1,-0.7278908399084116,0.001981021996471,30,300
10,3,0.3,0.8,hffd,1,1,-0.2665571807133347,0.0017086890002246,30,300
10,3,0.3,0.8,hffd,2,1,-0.2023428985100395,0.0014596779947169,30,300
10,3,0.3,0.8,hffd,3,1,-0.4310677629470945,0.0016513859882252,30,300
10,3,0.3,0.8,hffd,4,1,-0.0017229023872573,0.0011232959950575,30,300
10,3,0.3,1.0,hffd,0,1,-0.0044051771749309,0.0010855720029212,30,300
10,3,0.3,1.0,hffd,1,1,-0.1538098065810516,0.0011063030106015,30,300
10,3,0.3,1.0,hffd,2,1,-0.7459744162086679,0.000995463997242,30,300
10,3,0.3,1.0,hffd,3,1,-0.575893008371537,0.0011399439972592,30,300
10,3,0.3,1.0,hffd,4,1,-1.4299679944375612,0.0009888360073091,30,300
10,3,0.3,1.2,hffd,0,1,-0.1923307290884395,0.0018545210041338,30,300
10,3,0.3,1.2,hffd,1,1,-0.3990083957210117,0.0014212600071914,30,300
10,3,0.3,1.2,hffd,2,1,-0.1382623521170671,0.0012040919973514,30,300
10,3,0.3,1.2,hffd,3,1,-0.2968061559237753,0.0013751759979641,30,300
10,3,0.3,1.2,hffd,4,1,-0.4509027304958124,0.0011351409921189,30,300
10,6,0.0,0.8,hffd,0,1,-0.32000000000005,0.0025669530004961,60,600
10,6,0.0,0.8,hffd,1,1,-0.7600000000000477,0.0022884820064064,60,600
10,6,0.0,0.8,hffd,2,1,-0.2800000000000295,0.0024386490113101,60,600
10,6,0.0,0.8,hffd,3,1,-0.5999999999999943,0.0022748960036551,60,600
10,6,0.0,0.8,hffd,4,1,-0.920000000000016,0.0021277299965731,60,600
10,6,0.0,1.0,hffd,0,1,-0.3999999999999772,0.0021806799923069,60,600
10,6,0.0,1.0,hffd,1,1,-0.1999999999999886,0.0023789630067767,60,600
10,6,0.0,1.0,hffd,2,1,-0.1000000000000227,0.0025609229924157,60,600
10,6,0.0,1.0,hffd,3,1,-0.5,0.0025505400117253,60,600
10,6,0.0,1.0,hffd,4,1,-0.8999999999999773,0.0024829400063026,60,600
10,6,0.0,1.2,hffd,0,1,-0.4799999999999613,0.0023145949962781,60,600
10,6,0.0,1.2,hffd,1,1,-0.6399999999999864,0.0023864989925641,60,600
10,6,0.0,1.2,hffd,2,1,-0.9199999999999592,0.0022607010032515,60,600
10,6,0.0,1.2,hffd,3,1,-0.3999999999999772,0.0021522180031752,60,600
10,6,0.0,1.2,hffd,4,1,-0.8799999999999955,0.0023190479987533,60,600
10,6,0.3,0.8,hffd,0,1,-0.1276043495267913,0.0024652809952385,60,600
10,6,0.3,0.8,hffd,1,1,-0.731849662276943,0.0045531799987656,60,600
10,6,0.3,0.8,hffd,2,1,-0.6658991385598938,0.002598744991701,60,600
10,6,0.3,0.8,hffd,3,1,-0.4018367994518712,0.0023189189960248,60,600
10,6,0.3,0.8,hffd,4,1,-0.3732499835900853,0.0024346089921891,60,600
10,6,0.3,1.0,hffd,0,1,-0.1093509820479425,0.0023286530049517,60,600
10,6,0.3,1.0,hffd,1,1,-0.9670907138673216,0.0023030260053928,60,600
10,6,0.3,1.0,hffd,2,1,-0.0654802567908063,0.0023544439900433,60,600
10,6,0.3,1.0,hffd,3,1,-0.7646334103441177,0.0024278670025523,60,600
10,6,0.3,1.0,hffd,4,1,-1.3525367431686277,0.0023589990014443,60,600
10,6,0.3,1.2,hffd,0,1,-0.9510545252952624,0.002234801009763,60,600
10,6,0.3,1.2,hffd,1,1,-0.3332824460012489,0.0022480420011561,60,600
10,6,0.3,1.2,hffd,2,1,-2.119698405837994,0.0025793709937715,60,600
10,6,0.3,1.2,hffd,3,1,-0.0807818824541186,0.0024083269963739,60,600
10,6,0.3,1.2,hffd,4,1,-0.25897692793842,0.0022112219885457,60,600
20,3,0.0,0.8,hffd,0,1,-0.160000000000025,0.0055258310021599,60,1200
20,3,0.0,0.8,hffd,1,1,-0.8800000000000239,0.0063810480060055,60,1200
20,3,0.0,0.8,hffd,2,1,-0.6400000000000148,0.0064445239986525,60,1200
20,3,0.0,0.8,hffd,3,1,-0.7999999999999972,0.0056031580024864,60,1200
20,3,0.0,0.8,hffd,4,1,-0.960000000000008,0.0053597739897668,60,1200
20,3,0.0,1.0,hffd,0,1,-0.1999999999999886,0.0056600910029374,60,1200
20,3,0.0,1.0,hffd,1,1,-0.5999999999999943,0.005560820995015,60,1200
20,3,0.0,1.0,hffd,2,1,-0.0500000000000113,0.0069285320059861,60,1200
20,3,0.0,1.0,hffd,3,1,-0.25,0.0057550789933884,60,1200
20,3,0.0,1.0,hffd,4,1,-0.9499999999999886,0.0061979189922567,60,1200
20,3,0.0,1.2,hffd,0,1,-0.2399999999999806,0.005512551011634,60,1200
20,3,0.0,1.2,hffd,1,1,-0.3199999999999932,0.0055244109971681,60,1200
20,3,0.0,1.2,hffd,2,1,-0.4599999999999795,0.0059371399984229,60,1200
20,3,0.0,1.2,hffd,3,1,-0.6999999999999886,0.0055040559964254,60,1200
20,3,0.0,1.2,hffd,4,1,-0.9399999999999976,0.0053180399991106,60,1200
20,3,0.3,0.8,hffd,0,1,-0.1819032846516108,0.0056975740008056,60,1200
20,3,0.3,0.8,hffd,1,1,-0.1016009294491482,0.0067723959946306,60,1200
20,3,0.3,0.8,hffd,2,1,-0.0899312235647187,0.0056106010015355,60,1200
20,3,0.3,0.8,hffd,3,1,-0.0318671065580957,0.0062237399979494,60,1200
20,3,0.3,0.8,hffd,4,1,-0.0457809764434102,0.0061890040087746,60,1200
20,3,0.3,1.0,hffd,0,1,-0.0192130110909829,0.0057835649931803,60,1200
20,3,0.3,1.0,hffd,1,1,-0.0533450975025857,0.0060580839926842,60,1200
20,3,0.3,1.0,hffd,2,1,-0.7254279628146492,0.0056769030052237,60,1200
20,3,0.3,1.0,hffd,3,1,-0.3252293710082199,0.0051717359892791,60,1200
20,3,0.3,1.0,hffd,4,1,-0.2016991833986878,0.0056417129962937,60,1200
20,3,0.3,1.2,hffd,0,1,-0.0742377528983126,0.0056301290023839,60,1200
20,3,0.3,1.2,hffd,1,1,-0.0519186237658004,0.0066595349926501,60,1200
20,3,0.3,1.2,hffd,2,1,-0.2212896097909151,0.0061546719953184,60,1200
20,3,0.3,1.2,hffd,3,1,-0.1056861304317067,0.0057367840054212,60,1200
20,3,0.3,1.2,hffd,4,1,-0.4822260797580782,0.0075974709907313,60,1200
20,6,0.0,0.8,hffd,0,1,-0.6399999999999864,0.0178214549960102,120,2400
20,6,0.0,0.8,hffd,1,1,-0.3600000000000136,0.0132288390013854,120,2400
20,6,0.0,0.8,hffd,2,1,-0.0800000000000409,0.0133833860018057,120,2400
20,6,0.0,0.8,hffd,3,1,-0.6000000000000227,0.0136095399939222,120,2400
20,6,0.0,0.8,hffd,4,1,-0.6399999999999864,0.0151998210058081,120,2400
20,6,0.0,1.0,hffd,0,1,-0.5500000000000114,0.0149501809937646,120,2400
20,6,0.0,1.0,hffd,1,1,-0.9499999999999886,0.0152768099942477,120,2400
20,6,0.0,1.0,hffd,2,1,-0.6000000000000227,0.0164031200110912,120,2400
20,6,0.0,1.0,hffd,3,1,-0.25,0.0152250999963143,120,2400
20,6,0.0,1.0,hffd,4,1,-0.5500000000000114,0.0146529769990593,120,2400
20,6,0.0,1.2,hffd,0,1,-0.4599999999999795,0.0150718890072312,120,2400
20,6,0.0,1.2,hffd,1,1,-0.5399999999999636,0.0143243030033772,120,2400
20,6,0.0,1.2,hffd,2,1,-0.1200000000000045,0.0144604060042183,120,2400
20,6,0.0,1.2,hffd,3,1,-0.8999999999999773,0.0146204939956078,120,2400
20,6,0.0,1.2,hffd,4,1,-0.4599999999999227,0.0161594639939721,120,2400
20,6,0.3,0.8,hffd,0,1,-0.041618553359001,0.0147352499916451,120,2400
20,6,0.3,0.8,hffd,1,1,-0.117048698592896,0.0164506769942818,120,2400
20,6,0.3,0.8,hffd,2,1,-0.0679535147248771,0.0145213039941154,120,2400
20,6,0.3,0.8,hffd,3,1,-0.1310646480729644,0.0157740949944127,120,2400
20,6,0.3,0.8,hffd,4,1,-0.0393953550785113,0.016137961007189,120,2400
20,6,0.3,1.0,hffd,0,1,-0.0023263047755222,0.0148614880017703,120,2400
20,6,0.3,1.0,hffd,1,1,-0.0616864614625001,0.0179037630005041,120,2400
20,6,0.3,1.0,hffd,2,1,-0.1401597209554665,0.015451535989996,120,2400
20,6,0.3,1.0,hffd,3,1,-0.1420329735789209,0.0149681720067746,120,2400
20,6,0.3,1.0,hffd,4,1,-0.0348146237462856,0.0144644450047053,120,2400
20,6,0.3,1.2,hffd,0,1,-0.0536582972122801,0.0190487090003443,120,2400
20,6,0.3,1.2,hffd,1,1,-0.2948295493936825,0.0164436109917005,120,2400
20,6,0.3,1.2,hffd,2,1,-0.0121209161334832,0.0156216489995131,120,2400
20,6,0.3,1.2,hffd,3,1,-0.2199429127995813,0.0173340650071622,120,2400
20,6,0.3,1.2,hffd,4,1,-0.4122145820140872,0.0164185869944049,120,2400
40,3,0.0,0.8,hffd,0,1,-0.8199999999999932,0.041013092995854,120,4800
40,3,0.0,0.8,hffd,1,1,-0.1800000000000068,0.0383181790093658,120,4800
40,3,0.0,0.8,hffd,2,1,-0.0400000000000204,0.0401271599985193,120,4800
40,3,0.0,0.8,hffd,3,1,-0.3000000000000113,0.0410221620113588,120,4800
40,3,0.0,0.8,hffd,4,1,-0.8199999999999932,0.0363027679995866,120,4800
40,3,0.0,1.0,hffd,0,1,-0.2750000000000057,0.0420882140024332,120,4800
40,3,0.0,1.0,hffd,1,1,-0.9749999999999944,0.0393866459926357,120,4800
40,3,0.0,1.0,hffd,2,1,-0.3000000000000113,0.0398653279989957,120,4800
40,3,0.0,1.0,hffd,3,1,-0.125,0.0429956720035988,120,4800
40,3,0.0,1.0,hffd,4,1,-0.7750000000000057,0.0393307659978745,120,4800
40,3,0.0,1.2,hffd,0,1,-0.7299999999999898,0.0403297120064962,120,4800
40,3,0.0,1.2,hffd,1,1,-0.7699999999999818,0.0385387940041255,120,4800
40,3,0.0,1.2,hffd,2,1,-0.5600000000000023,0.0427389499964192,120,4800
40,3,0.0,1.2,hffd,3,1,-0.9499999999999886,0.0384739340079249,120,4800
40,3,0.0,1.2,hffd,4,1,-0.7299999999999613,0.0373450570041313,120,4800
40,3,0.3,0.8,hffd,0,1,-0.0919727010917768,0.0399503559892764,120,4800
40,3,0.3,0.8,hffd,1,1,-0.0738418161998879,0.0410389550088439,120,4800
40,3,0.3,0.8,hffd,2,1,-0.116128815878568,0.0410163600026862,120,4800
40,3,0.3,0.8,hffd,3,1,-0.0121492365004201,0.0409298140002647,120,4800
40,3,0.3,0.8,hffd,4,1,-0.0506549046218935,0.0449859329964965,120,4800
40,3,0.3,1.0,hffd,0,1,-0.0350577859877319,0.0396625389985274,120,4800
40,3,0.3,1.0,hffd,1,1,-0.2197982848113326,0.0493771799956448,120,4800
40,3,0.3,1.0,hffd,2,1,-0.0887696558363302,0.0438986329972976,120,4800
40,3,0.3,1.0,hffd,3,1,-0.0350859470754301,0.0425527450133813,120,4800
40,3,0.3,1.0,hffd,4,1,-0.3987172316190879,0.0409974160138517,120,4800
40,3,0.3,1.2,hffd,0,1,-0.0018410072456447,0.0385797570052091,120,4800
40,3,0.3,1.2,hffd,1,1,-0.1728941762235933,0.0387844910001149,120,4800
40,3,0.3,1.2,hffd,2,1,-0.0334270509924863,0.0415405840030871,120,4800
40,3,0.3,1.2,hffd,3,1,-0.0417326764979293,0.0445763620082289,120,4800
40,3,0.3,1.2,hffd,4,1,-0.0426145731052827,0.0395009149942779,120,4800
40,6,0.0,0.8,hffd,0,1,-0.3000000000000113,0.1137903079943498,240,9600
40,6,0.0,0.8,hffd,1,1,-0.1200000000000045,0.1042787499900441,240,9600
40,6,0.0,0.8,hffd,2,1,-0.7600000000000477,0.1058292380039347,240,9600
40,6,0.0,0.8,hffd,3,1,-0.0800000000000409,0.1072465670004021,240,9600
40,6,0.0,0.8,hffd,4,1,-0.160000000000025,0.1249004440032877,240,9600
40,6,0.0,1.0,hffd,0,1,-0.125,0.1227393779990961,240,9600
40,6,0.0,1.0,hffd,1,1,-0.6499999999999773,0.1187965110002551,240,9600
40,6,0.0,1.0,hffd,2,1,-0.9499999999999886,0.117638313997304,240,9600
40,6,0.0,1.0,hffd,3,1,-0.1000000000000227,0.1227613719966029,240,9600
40,6,0.0,1.0,hffd,4,1,-0.4499999999999886,0.13136505401053,240,9600
40,6,0.0,1.2,hffd,0,1,-0.9499999999999886,0.1320412289933301,240,9600
40,6,0.0,1.2,hffd,1,1,-0.1799999999999499,0.1453461589990183,240,9600
40,6,0.0,1.2,hffd,2,1,-0.1399999999999863,0.1555433609901229,240,9600
40,6,0.0,1.2,hffd,3,1,-0.1200000000000045,0.1360344239947153,240,9600
40,6,0.0,1.2,hffd,4,1,-0.7399999999999523,0.1322431270091328,240,9600
40,6,0.3,0.8,hffd,0,1,-0.0067576730023688,0.1237484290031716,240,9600
40,6,0.3,0.8,hffd,1,1,-0.0428005989346047,0.1142225910007255,240,9600
40,6,0.3,0.8,hffd,2,1,-0.1887511552929481,0.1134125530079472,240,9600
40,6,0.3,0.8,hffd,3,1,-0.0117726148012025,0.1121381520060822,240,9600
40,6,0.3,0.8,hffd,4,1,-0.0044721486645471,0.1353396510094171,240,9600
40,6,0.3,1.0,hffd,0,1,-0.3871928948890399,0.118753665999975,240,9600
40,6,0.3,1.0,hffd,1,1,-0.002990612242911,0.1276548060122877,240,9600
40,6,0.3,1.0,hffd,2,1,-0.0053217091422084,0.114670406008372,240,9600
40,6,0.3,1.0,hffd,3,1,-0.0208820563439076,0.1198010070074815,240,9600
40,6,0.3,1.0,hffd,4,1,-0.0038431161747212,0.1253481169987935,240,9600
40,6,0.3,1.2,hffd,0,1,-0.0612167282517361,0.1169358570041367,240,9600
40,6,0.3,1.2,hffd,1,1,-0.0787381550234727,0.1191502940055215,240,9600
40,6,0.3,1.2,hffd,2,1,-0.0512198013342413,0.1197624109918251,240,9600
40,6,0.3,1.2,hffd,3,1,-0.0071292977126518,0.1269138250063406,240,9600
40,6,0.3,1.2,hffd,4,1,-0.0183839937919287,0.1530173490027664,240,9600
10,3,0.0,0.8,hffd_nadav,0,1,-0.3199999999999932,0.001142063003499,30,300
10,3,0.0,0.8,hffd_nadav,1,1,-0.8800000000000239,0.000668330991175,30,300
10,3,0.0,0.8,hffd_nadav,2,1,-0.3199999999999932,0.0005617799906758,30,300
10,3,0.0,0.8,hffd_nadav,3,1,-0.4400000000000119,0.0003089320089202,30,300
10,3,0.0,0.8,hffd_nadav,4,1,-0.4399999999999977,0.0003095860010944,30,300
10,3,0.0,1.0,hffd_nadav,0,1,-0.9000000000000057,0.0004712579975603,30,300
10,3,0.0,1.0,hffd_nadav,1,1,-0.5999999999999943,0.0003701039968291,30,300
10,3,0.0,1.0,hffd_nadav,2,1,-0.9000000000000057,0.0003673390019685,30,300
10,3,0.0,1.0,hffd_nadav,3,1,-0.8000000000000114,0.0003943310002796,30,300
10,3,0.0,1.0,hffd_nadav,4,1,-0.3000000000000113,0.0003318229864817,30,300
10,3,0.0,1.2,hffd_nadav,0,1,-0.4799999999999613,0.0003268150030635,30,300
10,3,0.0,1.2,hffd_nadav,1,1,-0.3199999999999932,0.000351323003997,30,300
10,3,0.0,1.2,hffd_nadav,2,1,-0.4799999999999897,0.0003656969929579,30,300
10,3,0.0,1.2,hffd_nadav,3,1,-0.1599999999999966,0.0004186300066066,30,300
10,3,0.0,1.2,hffd_nadav,4,1,-1.1599999999999966,0.0003203330124961,30,300
10,3,0.3,0.8,hffd_nadav,0,1,-0.175046572011297,0.0003331839980091,30,300
10,3,0.3,0.8,hffd_nadav,1,1,-0.863345961401194,0.000338529003784,30,300
10,3,0.3,0.8,hffd_nadav,2,1,-1.1221457684110447,0.0003222689992981,30,300
10,3,0.3,0.8,hffd_nadav,3,1,-0.4733566504600048,0.0003570340049918,30,300
10,3,0.3,0.8,hffd_nadav,4,1,-1.2237331616007625,0.0003800109989242,30,300
10,3,0.3,1.0,hffd_nadav,0,1,-0.0304110010407896,0.00032217700209,30,300
10,3,0.3,1.0,hffd_nadav,1,1,-0.2211675853617123,0.0003307689912617,30,300
10,3,0.3,1.0,hffd_nadav,2,1,-1.1586726405045056,0.0003635820030467,30,300
10,3,0.3,1.0,hffd_nadav,3,1,-0.7221560402724663,0.0004738159914268,30,300
10,3,0.3,1.0,hffd_nadav,4,1,-1.0847157871921809,0.0004693929950008,30,300
10,3,0.3,1.2,hffd_nadav,0,1,-0.214867795707164,0.0004645400040317,30,300
10,3,0.3,1.2,hffd_nadav,1,1,-0.3990083957210117,0.0005459710082504,30,300
10,3,0.3,1.2,hffd_nadav,2,1,-0.2678680192645686,0.0010465889936313,30,300
10,3,0.3,1.2,hffd_nadav,3,1,-0.973202100571001,0.0003944159980164,30,300
10,3,0.3,1.2,hffd_nadav,4,1,-0.3188587620326473,0.0003744340065168,30,300
10,6,0.0,0.8,hffd_nadav,0,1,-0.32000000000005,0.000465195000288,60,600
10,6,0.0,0.8,hffd_nadav,1,1,-0.7600000000000477,0.0006953690026421,60,600
10,6,0.0,0.8,hffd_nadav,2,1,-0.2800000000000295,0.0005184679903322,60,600
10,6,0.0,0.8,hffd_nadav,3,1,-0.5999999999999943,0.0005024290003348,60,600
10,6,0.0,0.8,hffd_nadav,4,1,-0.920000000000016,0.0005388040008256,60,600
10,6,0.0,1.0,hffd_nadav,0,1,-0.3999999999999772,0.0004814400017494,60,600
10,6,0.0,1.0,hffd_nadav,1,1,-0.1999999999999886,0.0005788050038972,60,600
10,6,0.0,1.0,hffd_nadav,2,1,-0.1000000000000227,0.0004863759968429,60,600
10,6,0.0,1.0,hffd_nadav,3,1,-0.5,0.0005739490006817,60,600
10,6,0.0,1.0,hffd_nadav,4,1,-0.8999999999999773,0.0005771099968114,60,600
10,6,0.0,1.2,hffd_nadav,0,1,-0.4799999999999613,0.0004992309986846,60,600
10,6,0.0,1.2,hffd_nadav,1,1,-0.6399999999999864,0.0006601939967367,60,600
10,6,0.0,1.2,hffd_nadav,2,1,-0.9199999999999592,0.0007011730049271,60,600
10,6,0.0,1.2,hffd_nadav,3,1,-0.3999999999999772,0.0004897309991065,60,600
10,6,0.0,1.2,hffd_nadav,4,1,-0.8799999999999955,0.0008801499934634,60,600
10,6,0.3,0.8,hffd_nadav,0,1,-0.1626654904505926,0.0006542920018546,60,600
10,6,0.3,0.8,hffd_nadav,1,1,-0.1403839699392506,0.0007877809985075,60,600
10,6,0.3,0.8,hffd_nadav,2,1,-0.0209340874663439,0.0004856790037592,60,600
10,6,0.3,0.8,hffd_nadav,3,1,-0.5007537508328141,0.0004649089969461,60,600
10,6,0.3,0.8,hffd_nadav,4,1,-0.0445190542225759,0.0004363539919722,60,600
10,6,0.3,1.0,hffd_nadav,0,1,-0.041675933729607,0.0004696320102084,60,600
10,6,0.3,1.0,hffd_nadav,1,1,-0.4973608272756564,0.0005094669904792,60,600
10,6,0.3,1.0,hffd_nadav,2,1,-0.0384489317137308,0.0005015490023652,60,600
10,6,0.3,1.0,hffd_nadav,3,1,-0.1228082156816867,0.0005178740102564,60,600
10,6,0.3,1.0,hffd_nadav,4,1,-0.930404151181051,0.0006117430020822,60,600
10,6,0.3,1.2,hffd_nadav,0,1,-0.2444910845891854,0.0004611949989339,60,600
10,6,0.3,1.2,hffd_nadav,1,1,-1.0919034753433152,0.0005257989978417,60,600
10,6,0.3,1.2,hffd_nadav,2,1,-0.6490699818548364,0.0004301049921195,60,600
10,6,0.3,1.2,hffd_nadav,3,1,-0.8980662131399413,0.0004783449985552,60,600
10,6,0.3,1.2,hffd_nadav,4,1,-0.2127736475599135,0.0005386249977163,60,600
20,3,0.0,0.8,hffd_nadav,0,1,-0.160000000000025,0.0007309979991987,60,1200
20,3,0.0,0.8,hffd_nadav,1,1,-0.8800000000000239,0.000653050999972,60,1200
20,3,0.0,0.8,hffd_nadav,2,1,-0.6400000000000148,0.0007308369968086,60,1200
20,3,0.0,0.8,hffd_nadav,3,1,-0.7999999999999972,0.0008721259946469,60,1200
20,3,0.0,0.8,hffd_nadav,4,1,-0.960000000000008,0.0008459200034849,60,1200
20,3,0.0,1.0,hffd_nadav,0,1,-0.1999999999999886,0.0008049559983192,60,1200
20,3,0.0,1.0,hffd_nadav,1,1,-0.5999999999999943,0.0006815790111431,60,1200
20,3,0.0,1.0,hffd_nadav,2,1,-0.0500000000000113,0.0007782239990774,60,1200
20,3,0.0,1.0,hffd_nadav,3,1,-0.25,0.0006677259952994,60,1200
20,3,0.0,1.0,hffd_nadav,4,1,-0.9499999999999886,0.000668074004352,60,1200
20,3,0.0,1.2,hffd_nadav,0,1,-0.2399999999999806,0.0014754099975107,60,1200
20,3,0.0,1.2,hffd_nadav,1,1,-0.3199999999999932,0.0008247289952123,60,1200
20,3,0.0,1.2,hffd_nadav,2,1,-0.4599999999999795,0.0009731280006235,60,1200
20,3,0.0,1.2,hffd_nadav,3,1,-0.6999999999999886,0.0006647739937761,60,1200
20,3,0.0,1.2,hffd_nadav,4,1,-0.9399999999999976,0.0007910949934739,60,1200
20,3,0.3,0.8,hffd_nadav,0,1,-0.4389209852753879,0.0006470469961641,60,1200
20,3,0.3,0.8,hffd_nadav,1,1,-0.2547314284487498,0.0006437650008592,60,1200
20,3,0.3,0.8,hffd_nadav,2,1,-0.0938906523720959,0.0008270809921668,60,1200
20,3,0.3,0.8,hffd_nadav,3,1,-0.2292236771002365,0.0006755409995093,60,1200
20,3,0.3,0.8,hffd_nadav,4,1,-0.1785093796115973,0.0007594399939989,60,1200
20,3,0.3,1.0,hffd_nadav,0,1,-0.2053243822036847,0.0006380459963111,60,1200
20,3,0.3,1.0,hffd_nadav,1,1,-0.0533450975025857,0.0007126709970179,60,1200
20,3,0.3,1.0,hffd_nadav,2,1,-0.8011140277745028,0.0007101740047801,60,1200
20,3,0.3,1.0,hffd_nadav,3,1,-0.2539125518304388,0.0007523530075559,60,1200
20,3,0.3,1.0,hffd_nadav,4,1,-0.3279511513791817,0.0006784069992136,60,1200
20,3,0.3,1.2,hffd_nadav,0,1,-0.0742377528983126,0.000796722000814,60,1200
20,3,0.3,1.2,hffd_nadav,1,1,-0.3257502983252891,0.0007437769963871,60,1200
20,3,0.3,1.2,hffd_nadav,2,1,-0.9487187653094225,0.0006550480029545,60,1200
20,3,0.3,1.2,hffd_nadav,3,1,-0.3148178692086674,0.0007159889937611,60,1200
20,3,0.3,1.2,hffd_nadav,4,1,-0.0488203813638108,0.0008567009936086,60,1200
20,6,0.0,0.8,hffd_nadav,0,1,-0.6399999999999864,0.001303381010075,120,2400
20,6,0.0,0.8,hffd_nadav,1,1,-0.3600000000000136,0.0010287659970344,120,2400
20,6,0.0,0.8,hffd_nadav,2,1,-0.0800000000000409,0.0010608690063236,120,2400
20,6,0.0,0.8,hffd_nadav,3,1,-0.6000000000000227,0.0010466289968462,120,2400
20,6,0.0,0.8,hffd_nadav,4,1,-0.6399999999999864,0.0013869679969502,120,2400
20,6,0.0,1.0,hffd_nadav,0,1,-0.5500000000000114,0.0012358730018604,120,2400
20,6,0.0,1.0,hffd_nadav,1,1,-0.9499999999999886,0.0011846070119645,120,2400
20,6,0.0,1.0,hffd_nadav,2,1,-0.6000000000000227,0.0017139359988505,120,2400
20,6,0.0,1.0,hffd_nadav,3,1,-0.25,0.0012218199990456,120,2400
20,6,0.0,1.0,hffd_nadav,4,1,-0.5500000000000114,0.0015739609953016,120,2400
20,6,0.0,1.2,hffd_nadav,0,1,-0.4599999999999795,0.0010764659964479,120,2400
20,6,0.0,1.2,hffd_nadav,1,1,-0.5399999999999636,0.0018207210086984,120,2400
20,6,0.0,1.2,hffd_nadav,2,1,-0.1200000000000045,0.0012798019888577,120,2400
20,6,0.0,1.2,hffd_nadav,3,1,-0.8999999999999773,0.0012126460060244,120,2400
20,6,0.0,1.2,hffd_nadav,4,1,-0.4599999999999227,0.0011614210088737,120,2400
20,6,0.3,0.8,hffd_nadav,0,1,-0.0657137933810076,0.0010945009998977,120,2400
20,6,0.3,0.8,hffd_nadav,1,1,-0.0332993760439421,0.0012128220114391,120,2400
20,6,0.3,0.8,hffd_nadav,2,1,-0.0156442435340409,0.0010511380096431,120,2400
20,6,0.3,0.8,hffd_nadav,3,1,-0.1335912689637552,0.001398695007083,120,2400
20,6,0.3,0.8,hffd_nadav,4,1,-0.0281702808181307,0.0012577300076372,120,2400
20,6,0.3,1.0,hffd_nadav,0,1,-0.1122718290274065,0.0012435060052666,120,2400
20,6,0.3,1.0,hffd_nadav,1,1,-0.0004091069798164,0.0011251219984842,120,2400
20,6,0.3,1.0,hffd_nadav,2,1,-0.1091331699527131,0.001111938006943,120,2400
20,6,0.3,1.0,hffd_nadav,3,1,-0.0223524580281377,0.0020563589932862,120,2400
20,6,0.3,1.0,hffd_nadav,4,1,-0.0298795909149021,0.0011845550034195,120,2400
20,6,0.3,1.2,hffd_nadav,0,1,-0.2247298481328812,0.0012332260084804,120,2400
20,6,0.3,1.2,hffd_nadav,1,1,-0.0292832030727367,0.0018074769905069,120,2400
20,6,0.3,1.2,hffd_nadav,2,1,-0.0303161921505648,0.001275981994695,120,2400
20,6,0.3,1.2,hffd_nadav,3,1,-0.132478667098951,0.0011515340011101,120,2400
20,6,0.3,1.2,hffd_nadav,4,1,-0.0443738630213488,0.0010508720006328,120,2400
40,3,0.0,0.8,hffd_nadav,0,1,-0.8199999999999932,0.0021188039972912,120,4800
40,3,0.0,0.8,hffd_nadav,1,1,-0.1800000000000068,0.0023748249950585,120,4800
40,3,0.0,0.8,hffd_nadav,2,1,-0.0400000000000204,0.0021154670102987,120,4800
40,3,0.0,0.8,hffd_nadav,3,1,-0.3000000000000113,0.0020843370002694,120,4800
40,3,0.0,0.8,hffd_nadav,4,1,-0.8199999999999932,0.0027230730047449,120,4800
40,3,0.0,1.0,hffd_nadav,0,1,-0.2750000000000057,0.0033976190024986,120,4800
40,3,0.0,1.0,hffd_nadav,1,1,-0.9749999999999944,0.0019033110002055,120,4800
40,3,0.0,1.0,hffd_nadav,2,1,-0.3000000000000113,0.0022855930001242,120,4800
40,3,0.0,1.0,hffd_nadav,3,1,-0.125,0.0031821430020499,120,4800
40,3,0.0,1.0,hffd_nadav,4,1,-0.7750000000000057,0.0019893759890692,120,4800
40,3,0.0,1.2,hffd_nadav,0,1,-0.7299999999999898,0.002032849995885,120,4800
40,3,0.0,1.2,hffd_nadav,1,1,-0.7699999999999818,0.0021317280043149,120,4800
40,3,0.0,1.2,hffd_nadav,2,1,-0.5600000000000023,0.0019771899969782,120,4800
40,3,0.0,1.2,hffd_nadav,3,1,-0.9499999999999886,0.0022182480024639,120,4800
40,3,0.0,1.2,hffd_nadav,4,1,-0.7299999999999613,0.0020973720093024,120,4800
40,3,0.3,0.8,hffd_nadav,0,1,-0.0679299887782178,0.0018379740067757,120,4800
40,3,0.3,0.8,hffd_nadav,1,1,-0.0005456041228626,0.0021752669999841,120,4800
40,3,0.3,0.8,hffd_nadav,2,1,-0.0189757927276446,0.0019889669929398,120,4800
40,3,0.3,0.8,hffd_nadav,3,1,-0.0053255980380697,0.001996841005166,120,4800
40,3,0.3,0.8,hffd_nadav,4,1,-0.1478338235761498,0.0022367409983417,120,4800
40,3,0.3,1.0,hffd_nadav,0,1,-0.020124085478244,0.0018902529991464,120,4800
40,3,0.3,1.0,hffd_nadav,1,1,-0.0203820644371148,0.001919385002111,120,4800
40,3,0.3,1.0,hffd_nadav,2,1,-0.0010447014405201,0.0027093009994132,120,4800
40,3,0.3,1.0,hffd_nadav,3,1,-0.1299106591176837,0.0021025150053901,120,4800
40,3,0.3,1.0,hffd_nadav,4,1,-0.0994081445461461,0.0020485350105445,120,4800
40,3,0.3,1.2,hffd_nadav,0,1,-0.1658285913891006,0.0019556219922378,120,4800
40,3,0.3,1.2,hffd_nadav,1,1,-0.0779163133996689,0.0020653819956351,120,4800
40,3,0.3,1.2,hffd_nadav,2,1,-0.1239927634131845,0.0024416169908363,120,4800
40,3,0.3,1.2,hffd_nadav,3,1,-0.0469966193185484,0.0021043760061729,120,4800
40,3,0.3,1.2,hffd_nadav,4,1,-0.2486485777833706,0.0019055860029766,120,4800
40,6,0.0,0.8,hffd_nadav,0,1,-0.3000000000000113,0.0042230419931001,240,9600
40,6,0.0,0.8,hffd_nadav,1,1,-0.1200000000000045,0.0038300900050671,240,9600
40,6,0.0,0.8,hffd_nadav,2,1,-0.7600000000000477,0.0042790599982254,240,9600
40,6,0.0,0.8,hffd_nadav,3,1,-0.0800000000000409,0.003709582000738,240,9600
40,6,0.0,0.8,hffd_nadav,4,1,-0.160000000000025,0.0052256630006013,240,9600
40,6,0.0,1.0,hffd_nadav,0,1,-0.125,0.0048893850034801,240,9600
40,6,0.0,1.0,hffd_nadav,1,1,-0.6499999999999773,0.0041567860025679,240,9600
40,6,0.0,1.0,hffd_nadav,2,1,-0.9499999999999886,0.0040347130125155,240,9600
40,6,0.0,1.0,hffd_nadav,3,1,-0.1000000000000227,0.0038135109934955,240,9600
40,6,0.0,1.0,hffd_nadav,4,1,-0.4499999999999886,0.0044513449975056,240,9600
40,6,0.0,1.2,hffd_nadav,0,1,-0.9499999999999886,0.0036320759973023,240,9600
40,6,0.0,1.2,hffd_nadav,1,1,-0.1799999999999499,0.0037262609985191,240,9600
40,6,0.0,1.2,hffd_nadav,2,1,-0.1399999999999863,0.0035681900044437,240,9600
40,6,0.0,1.2,hffd_nadav,3,1,-0.1200000000000045,0.0037159619969315,240,9600
40,6,0.0,1.2,hffd_nadav,4,1,-0.7399999999999523,0.0039664189971517,240,9600
40,6,0.3,0.8,hffd_nadav,0,1,-0.0164192350965777,0.0040538099856348,240,9600
40,6,0.3,0.8,hffd_nadav,1,1,-0.0577823858458259,0.0036496779939625,240,9600
40,6,0.3,0.8,hffd_nadav,2,1,-0.0119249269066585,0.0038437619950855,240,9600
40,6,0.3,0.8,hffd_nadav,3,1,-0.1184234780639599,0.0041290060034953,240,9600
40,6,0.3,0.8,hffd_nadav,4,1,-0.0382570721745878,0.0038100179954199,240,9600
40,6,0.3,1.0,hffd_nadav,0,1,-0.0141963890438887,0.0044001689966535,240,9600
40,6,0.3,1.0,hffd_nadav,1,1,-0.0118804853354959,0.0040524789947085,240,9600
40,6,0.3,1.0,hffd_nadav,2,1,-0.0170142096905578,0.0038048900023568,240,9600
40,6,0.3,1.0,hffd_nadav,3,1,-0.0264401521179138,0.0051813559985021,240,9600
40,6,0.3,1.0,hffd_nadav,4,1,-0.0259635327219598,0.0035812460118904,240,9600
40,6,0.3,1.2,hffd_nadav,0,1,-0.1280304873442901,0.0037274990027071,240,9600
40,6,0.3,1.2,hffd_nadav,1,1,-0.1758328904469976,0.003798290999839,240,9600
40,6,0.3,1.2,hffd_nadav,2,1,-0.0435736713235428,0.0047027260006871,240,9600
40,6,0.3,1.2,hffd_nadav,3,1,-0.0329522753968944,0.0038845249946461,240,9600
40,6,0.3,1.2,hffd_nadav,4,1,-0.0710097111025334,0.0040567980031482,240,9600
10,3,0.0,0.6,hffd,0,1,-0.7399999999999807,0.0012704459950327,30,300
10,3,0.0,0.6,hffd,1,1,-0.1599999999999966,0.0010622060071909,30,300
10,3,0.0,0.6,hffd,2,1,-0.7399999999999949,0.0010071529977722,30,300
10,3,0.0,0.6,hffd_nadav,0,1,-0.7399999999999807,0.0003963680064771,30,300
10,3,0.0,0.6,hffd_nadav,1,1,-0.1599999999999966,0.0004175750073045,30,300
10,3,0.0,0.6,hffd_nadav,2,1,-0.7399999999999949,0.000446752004791,30,300
10,3,0.1,0.6,hffd,0,1,-0.0370627366536666,0.0009337590017821,30,300
10,3,0.1,0.6,hffd,1,1,-0.921546694663732,0.0011383459932403,30,300
10,3,0.1,0.6,hffd,2,1,-0.0885720016601681,0.0012967980001121,30,300
10,3,0.1,0.6,hffd_nadav,0,1,-1.8714114112562044,0.0003866180049953,30,300
10,3,0.1,0.6,hffd_nadav,1,1,-0.4467451171990149,0.0004035430029034,30,300
10,3,0.1,0.6,hffd_nadav,2,1,-0.0885720016601681,0.0003644130047177,30,300
10,3,0.1,0.8,hffd,0,1,-0.166905956213327,0.0011293409916106,30,300
10,3,0.1,0.8,hffd,1,1,-0.2554378454645132,0.0012069180083926,30,300
10,3,0.1,0.8,hffd,2,1,-0.3620793786933234,0.0010216609953204,30,300
10,3,0.1,0.8,hffd_nadav,0,1,-0.2398988668349773,0.0003808860055869,30,300
10,3,0.1,0.8,hffd_nadav,1,1,-0.2873568792328171,0.0003808080073213,30,300
10,3,0.1,0.8,hffd_nadav,2,1,-0.1071970275091871,0.0004435060109244,30,300
10,3,0.1,1.0,hffd,0,1,-0.1604227843482704,0.0011976000096183,30,300
10,3,0.1,1.0,hffd,1,1,-1.674021032605367,0.0011702009942382,30,300
10,3,0.1,1.0,hffd,2,1,-0.5325104504954652,0.0011182650050614,30,300
10,3,0.1,1.0,hffd_nadav,0,1,-0.1604227843482704,0.0003701740060932,30,300
10,3,0.1,1.0,hffd_nadav,1,1,-0.635695094823916,0.0003789420006796,30,300
10,3,0.1,1.0,hffd_nadav,2,1,-0.0563798543706752,0.00043302999984,30,300
10,3,0.1,1.2,hffd,0,1,-0.1063130578162372,0.0013613010087283,30,300
10,3,0.1,1.2,hffd,1,1,-0.6077605813381979,0.0010586419957689,30,300
10,3,0.1,1.2,hffd,2,1,-0.2540986167934989,0.0011106610036222,30,300
10,3,0.1,1.2,hffd_nadav,0,1,-0.9472372973678772,0.0004157350049354,30,300
10,3,0.1,1.2,hffd_nadav,1,1,-0.2113300311977468,0.000558361003641,30,300
10,3,0.1,1.2,hffd_nadav,2,1,-0.1692084233793025,0.0004129459994146,30,300
10,3,0.3,0.6,hffd,0,1,-0.4541621940014977,0.0009714059997349,30,300
10,3,0.3,0.6,hffd,1,1,-0.0130388488839514,0.0009748099982971,30,300
10,3,0.3,0.6,hffd,2,1,-0.4821311604740828,0.0012320399982854,30,300
10,3,0.3,0.6,hffd_nadav,0,1,-0.3229334540218218,0.0003776259982259,30,300
10,3,0.3,0.6,hffd_nadav,1,1,-0.419003128943487,0.0003750379983102,30,300
10,3,0.3,0.6,hffd_nadav,2,1,-0.7736048800665003,0.0003621379873948,30,300
10,3,0.6,0.6,hffd,0,1,-1.0738456160744647,0.0009629859996493,30,300
10,3,0.6,0.6,hffd,1,1,-0.1886029241405964,0.0010837620066013,30,300
10,3,0.6,0.6,hffd,2,1,-1.2167445152436756,0.0010073379962705,30,300
10,3,0.6,0.6,hffd_nadav,0,1,-0.6770245698032653,0.0003856309922412,30,300
10,3,0.6,0.6,hffd_nadav,1,1,-0.0554413993138922,0.0003878829884342,30,300
10,3,0.6,0.6,hffd_nadav,2,1,-0.0912086805086431,0.0005927040037931,30,300
10,3,0.6,0.8,hffd,0,1,-1.4199932669755242,0.0010607169970171,30,300
10,3,0.6,0.8,hffd,1,1,-0.3658598660757945,0.0012714399927062,30,300
10,3,0.6,0.8,hffd,2,1,-0.066496155012004,0.0021796349901705,30,300
10,3,0.6,0.8,hffd_nadav,0,1,-0.6177922512412692,0.0004766589991049,30,300
10,3,0.6,0.8,hffd_nadav,1,1,-0.0823928899765178,0.000700942997355,30,300
10,3,0.6,0.8,hffd_nadav,2,1,-0.2625737881936345,0.0004284020105842,30,300
10,3,0.6,1.0,hffd,0,1,-0.0449146017391228,0.0010196250077569,30,300
10,3,0.6,1.0,hffd,1,1,-0.105534792801393,0.0010180120007134,30,300
10,3,0.6,1.0,hffd,2,1,-0.6540505287935616,0.0009902180026983,30,300
10,3,0.6,1.0,hffd_nadav,0,1,-0.7786684840149292,0.000389893000829,30,300
10,3,0.6,1.0,hffd_nadav,1,1,-0.2051913409764552,0.0004675499949371,30,300
10,3,0.6,1.0,hffd_nadav,2,1,-2.8104793118025952,0.000356856995495,30,300
10,3,0.6,1.2,hffd,0,1,-1.127033258660788,0.0010270719940308,30,300
10,3,0.6,1.2,hffd,1,1,-0.5001724665768279,0.0009980100003303,30,300
10,3,0.6,1.2,hffd,2,1,-4.182389449135371,0.0011975780071225,30,300
10,3,0.6,1.2,hffd_nadav,0,1,-1.3883140949656363,0.000447004000307,30,300
10,3,0.6,1.2,hffd_nadav,1,1,-0.8228408676755237,0.0003988590033259,30,300
10,3,0.6,1.2,hffd_nadav,2,1,-2.293428953068087,0.0003780970000661,30,300
10,6,0.0,0.6,hffd,0,1,-0.2399999999999806,0.0020116410014452,60,600
10,6,0.0,0.6,hffd,1,1,-0.3199999999999932,0.0022910879924893,60,600
10,6,0.0,0.6,hffd,2,1,-0.4599999999999795,0.0022554150054929,60,600
10,6,0.0,0.6,hffd_nadav,0,1,-0.2399999999999806,0.0005882880068384,60,600
10,6,0.0,0.6,hffd_nadav,1,1,-0.3199999999999932,0.0005804860120406,60,600
10,6,0.0,0.6,hffd_nadav,2,1,-0.4599999999999795,0.0005224420019658,60,600
10,6,0.1,0.6,hffd,0,1,-0.3374894573987319,0.0028347560000838,60,600
10,6,0.1,0.6,hffd,1,1,-0.0432859688533824,0.0020307819941081,60,600
10,6,0.1,0.6,hffd,2,1,-0.5082770038873718,0.0026749820099212,60,600
10,6,0.1,0.6,hffd_nadav,0,1,-0.0645172864787184,0.0004757319984491,60,600
10,6,0.1,0.6,hffd_nadav,1,1,-0.5370312454300006,0.0005840249941684,60,600
10,6,0.1,0.6,hffd_nadav,2,1,-0.4223444319484315,0.0005052689957665,60,600
10,6,0.1,0.8,hffd,0,1,-0.0764158063576019,0.0023251030070241,60,600
10,6,0.1,0.8,hffd,1,1,-0.1137762928213419,0.0021375960059231,60,600
10,6,0.1,0.8,hffd,2,1,-0.1990910079306331,0.0022010840039001,60,600
10,6,0.1,0.8,hffd_nadav,0,1,-0.3489525038104375,0.0005699539906345,60,600
10,6,0.1,0.8,hffd_nadav,1,1,-0.1327398089191547,0.0005080799892311,60,600
10,6,0.1,0.8,hffd_nadav,2,1,-0.0166298794572412,0.000563373992918,60,600
10,6,0.1,1.0,hffd,0,1,-0.6236532887315889,0.0029908830038039,60,600
10,6,0.1,1.0,hffd,1,1,-0.5418208987853745,0.002409014996374,60,600
10,6,0.1,1.0,hffd,2,1,-0.4907842573402377,0.0026082120020873,60,600
10,6,0.1,1.0,hffd_nadav,0,1,-7.951136717565532e-05,0.0006533060077344,60,600
10,6,0.1,1.0,hffd_nadav,1,1,-0.1612072165045788,0.0005627180071314,60,600
10,6,0.1,1.0,hffd_nadav,2,1,-0.0911550440301312,0.0005703019996872,60,600
10,6,0.1,1.2,hffd,0,1,-0.3934875204127479,0.0023699680023128,60,600
10,6,0.1,1.2,hffd,1,1,-0.2683258728976625,0.0027833110070787,60,600
10,6,0.1,1.2,hffd,2,1,-0.1891403469875854,0.0022162600071169,60,600
10,6,0.1,1.2,hffd_nadav,0,1,-0.2513737474244522,0.0006876390107208,60,600
10,6,0.1,1.2,hffd_nadav,1,1,-0.0445527548408222,0.0006023890018695,60,600
10,6,0.1,1.2,hffd_nadav,2,1,-0.053658609858985,0.0007238910038722,60,600
10,6,0.3,0.6,hffd,0,1,-0.1167827385037014,0.0023597679974045,60,600
10,6,0.3,0.6,hffd,1,1,-0.0721988119620675,0.0020545320003293,60,600
10,6,0.3,0.6,hffd,2,1,-0.2212896097909151,0.0020600330026354,60,600
10,6,0.3,0.6,hffd_nadav,0,1,-0.0742377528983126,0.0005382230010582,60,600
10,6,0.3,0.6,hffd_nadav,1,1,-0.3259366771178236,0.000534641003469,60,600
10,6,0.3,0.6,hffd_nadav,2,1,-0.9487187653094225,0.000548929994693,60,600
10,6,0.6,0.6,hffd,0,1,-0.0080962236718278,0.002216908003902,60,600
10,6,0.6,0.6,hffd,1,1,-0.3161753537643506,0.0023166430037235,60,600
10,6,0.6,0.6,hffd,2,1,-1.0745431408867034,0.0025108509871643,60,600
10,6,0.6,0.6,hffd_nadav,0,1,-0.54341924740433,0.0006548769888468,60,600
10,6,0.6,0.6,hffd_nadav,1,1,-0.4709387508451357,0.0008246609941124,60,600
10,6,0.6,0.6,hffd_nadav,2,1,-0.0422752531516152,0.0005324849917087,60,600
10,6,0.6,0.8,hffd,0,1,-0.6621064137044641,0.0029285959899425,60,600
10,6,0.6,0.8,hffd,1,1,-0.2896822551307707,0.0024962620082078,60,600
10,6,0.6,0.8,hffd,2,1,-0.1580185041000277,0.003537458993378,60,600
10,6,0.6,0.8,hffd_nadav,0,1,-0.01512062219075,0.0005737600004067,60,600
10,6,0.6,0.8,hffd_nadav,1,1,-0.0066186569140995,0.0006088189984438,60,600
10,6,0.6,0.8,hffd_nadav,2,1,-0.2055831090561355,0.0006301069952314,60,600
10,6,0.6,1.0,hffd,0,1,-0.0554452292016662,0.0055720459931762,60,600
10,6,0.6,1.0,hffd,1,1,-0.4252879648564658,0.0025854169944068,60,600
10,6,0.6,1.0,hffd,2,1,-0.1098558453837199,0.0025000250025186,60,600
10,6,0.6,1.0,hffd_nadav,0,1,-0.0788014027756389,0.0006501099996967,60,600
10,6,0.6,1.0,hffd_nadav,1,1,-0.8012300314634331,0.0006933080003364,60,600
10,6,0.6,1.0,hffd_nadav,2,1,-0.1415687553440534,0.0005769720009993,60,600
10,6,0.6,1.2,hffd,0,1,-0.6323282629515461,0.0022466569935204,60,600
10,6,0.6,1.2,hffd,1,1,-1.915600308642297,0.0022145070106489,60,600
10,6,0.6,1.2,hffd,2,1,-0.3273068390191156,0.0021465919999172,60,600
10,6,0.6,1.2,hffd_nadav,0,1,-0.2837637679230624,0.0005098340043332,60,600
10,6,0.6,1.2,hffd_nadav,1,1,-0.018930323529446,0.0004999419907107,60,600
10,6,0.6,1.2,hffd_nadav,2,1,-0.0638943785156698,0.0006088719965191,60,600
10,12,0.0,0.6,hffd,0,1,-0.4599999999999795,0.0052385739982128,120,1200
10,12,0.0,0.6,hffd,1,1,-0.5399999999999636,0.0047958590002963,120,1200
10,12,0.0,0.6,hffd,2,1,-0.1200000000000045,0.0062712729995837,120,1200
10,12,0.0,0.6,hffd_nadav,0,1,-0.4599999999999795,0.0008436619973508,120,1200
10,12,0.0,0.6,hffd_nadav,1,1,-0.5399999999999636,0.0008646860078442,120,1200
10,12,0.0,0.6,hffd_nadav,2,1,-0.1200000000000045,0.0008585959876654,120,1200
10,12,0.0,0.8,hffd,0,1,-0.2799999999999727,0.0058340899995528,120,1200
10,12,0.0,0.8,hffd,1,1,-0.7200000000000273,0.0064151080005103,120,1200
10,12,0.0,0.8,hffd,2,1,-0.1600000000000818,0.0057901100080925,120,1200
10,12,0.0,0.8,hffd_nadav,0,1,-0.2799999999999727,0.0008656970021547,120,1200
10,12,0.0,0.8,hffd_nadav,1,1,-0.7200000000000273,0.0007885930099291,120,1200
10,12,0.0,0.8,hffd_nadav,2,1,-0.1600000000000818,0.0008507599995937,120,1200
10,12,0.0,1.0,hffd,0,1,-0.1000000000000227,0.0065715380042092,120,1200
10,12,0.0,1.0,hffd,1,1,-0.8999999999999773,0.0061324879934545,120,1200
10,12,0.0,1.0,hffd,2,1,-0.2000000000000454,0.0072490330057917,120,1200
10,12,0.0,1.0,hffd_nadav,0,1,-0.1000000000000227,0.0008283799979835,120,1200
10,12,0.0,1.0,hffd_nadav,1,1,-0.8999999999999773,0.0008602039888501,120,1200
10,12,0.0,1.0,hffd_nadav,2,1,-0.2000000000000454,0.0008698729943716,120,1200
10,12,0.0,1.2,hffd,0,1,-0.9199999999999592,0.006440591008868,120,1200
10,12,0.0,1.2,hffd,1,1,-0.0799999999999272,0.0063972390053095,120,1200
10,12,0.0,1.2,hffd,2,1,-0.2400000000000091,0.0067815569927915,120,1200
10,12,0.0,1.2,hffd_nadav,0,1,-0.9199999999999592,0.0008031080069486,120,1200
10,12,0.0,1.2,hffd_nadav,1,1,-0.0799999999999272,0.00122666900279,120,1200
10,12,0.0,1.2,hffd_nadav,2,1,-0.2400000000000091,0.0008978909900179,120,1200
10,12,0.1,0.6,hffd,0,1,-0.146570445944917,0.0054836070048622,120,1200
10,12,0.1,0.6,hffd,1,1,-0.3898246118846487,0.0055397379910573,120,1200
10,12,0.1,0.6,hffd,2,1,-0.2963501187234669,0.0049487560027046,120,1200
10,12,0.1,0.6,hffd_nadav,0,1,-0.3170152387199323,0.000864643996465,120,1200
10,12,0.1,0.6,hffd_nadav,1,1,-0.0981454290795795,0.0009109110105782,120,1200
10,12,0.1,0.6,hffd_nadav,2,1,-0.3843439473803869,0.0008605699986219,120,1200
10,12,0.1,0.8,hffd,0,1,-0.4319748384323247,0.0061442949954653,120,1200
10,12,0.1,0.8,hffd,1,1,-0.0234621675646167,0.0069358610053313,120,1200
10,12,0.1,0.8,hffd,2,1,-0.0321090034532289,0.0058328599989181,120,1200
10,12,0.1,0.8,hffd_nadav,0,1,-0.1265680010062624,0.0008417969947913,120,1200
10,12,0.1,0.8,hffd_nadav,1,1,-0.2377517835165008,0.0009383180004078,120,1200
10,12,0.1,0.8,hffd_nadav,2,1,-0.0691476275421791,0.0008666240028105,120,1200
10,12,0.1,1.0,hffd,0,1,-0.473094588315007,0.0065645930008031,120,1200
10,12,0.1,1.0,hffd,1,1,-0.0725260958481612,0.0061028549971524,120,1200
10,12,0.1,1.0,hffd,2,1,-0.0508319390631868,0.0063812290027271,120,1200
10,12,0.1,1.0,hffd_nadav,0,1,-0.148466294629884,0.0008705130021553,120,1200
10,12,0.1,1.0,hffd_nadav,1,1,-0.0227243647334489,0.0009661899966886,120,1200
10,12,0.1,1.0,hffd_nadav,2,1,-0.2331398034953054,0.0009590520057827,120,1200
10,12,0.1,1.2,hffd,0,1,-0.4663838453240032,0.0087576329970033,120,1200
10,12,0.1,1.2,hffd,1,1,-0.0721403685150789,0.0079594359995098,120,1200
10,12,0.1,1.2,hffd,2,1,-0.1023621702410082,0.0104592169955139,120,1200
10,12,0.1,1.2,hffd_nadav,0,1,-0.1036438338283005,0.0015658269985578,120,1200
10,12,0.1,1.2,hffd_nadav,1,1,-0.0029251902479927,0.000857907012687,120,1200
10,12,0.1,1.2,hffd_nadav,2,1,-0.2411474591347087,0.0011344129889039,120,1200
10,12,0.3,0.6,hffd,0,1,-0.1887897630401198,0.0061249690043041,120,1200
10,12,0.3,0.6,hffd,1,1,-0.1107197949394844,0.006144741011667,120,1200
10,12,0.3,0.6,hffd,2,1,-0.0076804595649946,0.0057378759956918,120,1200
10,12,0.3,0.6,hffd_nadav,0,1,-0.2247298481328812,0.0008454950002487,120,1200
10,12,0.3,0.6,hffd_nadav,1,1,-0.0292832030727367,0.000842069988721,120,1200
10,12,0.3,0.6,hffd_nadav,2,1,-0.2662880247211774,0.0007871150010032,120,1200
10,12,0.3,0.8,hffd,0,1,-0.5679395338295308,0.0062038749892963,120,1200
10,12,0.3,0.8,hffd,1,1,-0.4499885894828139,0.0059684090083464,120,1200
10,12,0.3,0.8,hffd,2,1,-0.163435704208382,0.0078027160052442,120,1200
10,12,0.3,0.8,hffd_nadav,0,1,-0.1804141021017358,0.0008537499961676,120,1200
10,12,0.3,0.8,hffd_nadav,1,1,-2.184468975728919,0.0009742820111569,120,1200
10,12,0.3,0.8,hffd_nadav,2,1,-0.0379830352245562,0.000871146999998,120,1200
10,12,0.3,1.0,hffd,0,1,-0.6544062194225262,0.0068432379921432,120,1200
10,12,0.3,1.0,hffd,1,1,-0.0150311136425216,0.0068246360024204,120,1200
10,12,0.3,1.0,hffd,2,1,-0.2117359877620401,0.0092716709914384,120,1200
10,12,0.3,1.0,hffd_nadav,0,1,-0.4812289317821978,0.0011922230041818,120,1200
10,12,0.3,1.0,hffd_nadav,1,1,-0.219213833893491,0.0008749640110181,120,1200
10,12,0.3,1.0,hffd_nadav,2,1,-0.1021065069606947,0.0010191100009251,120,1200
10,12,0.3,1.2,hffd,0,1,-0.3969075301680504,0.0067457349941832,120,1200
10,12,0.3,1.2,hffd,1,1,-0.5461058294617942,0.0068706969905178,120,1200
10,12,0.3,1.2,hffd,2,1,-0.8745383894359975,0.0081298120057908,120,1200
10,12,0.3,1.2,hffd_nadav,0,1,-0.1037556541996309,0.0008433089969912,120,1200
10,12,0.3,1.2,hffd_nadav,1,1,-0.6031380304185632,0.0009169569966616,120,1200
10,12,0.3,1.2,hffd_nadav,2,1,-1.039040959897534,0.0010069389973068,120,1200
10,12,0.6,0.6,hffd,0,1,-0.1837388135423907,0.0055417230032617,120,1200
10,12,0.6,0.6,hffd,1,1,-0.5439177383704532,0.0062982859963085,120,1200
10,12,0.6,0.6,hffd,2,1,-1.6992581042061374,0.0056358530127909,120,1200
10,12,0.6,0.6,hffd_nadav,0,1,-0.1802185613614142,0.0014013040054123,120,1200
10,12,0.6,0.6,hffd_nadav,1,1,-0.4962965264155627,0.0007811499963281,120,1200
10,12,0.6,0.6,hffd_nadav,2,1,-0.7200313945748462,0.0010325710027245,120,1200
10,12,0.6,0.8,hffd,0,1,-0.5891872285538966,0.0064378440001746,120,1200
10,12,0.6,0.8,hffd,1,1,-0.1596202041354217,0.0057554140075808,120,1200
10,12,0.6,0.8,hffd,2,1,-0.2931874655691899,0.0062916940078139,120,1200
10,12,0.6,0.8,hffd_nadav,0,1,-0.5024858625815796,0.0008706849912414,120,1200
10,12,0.6,0.8,hffd_nadav,1,1,-0.472568753065957,0.0008497890084981,120,1200
10,12,0.6,0.8,hffd_nadav,2,1,-0.2273036579847485,0.0008820090006338,120,1200
10,12,0.6,1.0,hffd,0,1,-0.223121244740696,0.0071878069866215,120,1200
10,12,0.6,1.0,hffd,1,1,-0.874698737529684,0.0081598129909252,120,1200
10,12,0.6,1.0,hffd,2,1,-0.7601775537068534,0.0071022799966158,120,1200
10,12,0.6,1.0,hffd_nadav,0,1,-0.223121244740696,0.0008267639932455,120,1200
10,12,0.6,1.0,hffd_nadav,1,1,-0.3333497210401219,0.0010798220027936,120,1200
10,12,0.6,1.0,hffd_nadav,2,1,-0.0803358076540234,0.0009923350007738,120,1200
10,12,0.6,1.2,hffd,0,1,-0.5596944291722821,0.0063712400005897,120,1200
10,12,0.6,1.2,hffd,1,1,-1.5020416358877355,0.0068250119948061,120,1200
10,12,0.6,1.2,hffd,2,1,-0.2441117012544964,0.0067218129988759,120,1200
10,12,0.6,1.2,hffd_nadav,0,1,-0.2783617282888144,0.0008764940139371,120,1200
10,12,0.6,1.2,hffd_nadav,1,1,-0.3962239201366628,0.0009857080003712,120,1200
10,12,0.6,1.2,hffd_nadav,2,1,-0.8676907714964273,0.0008595210092607,120,1200
20,3,0.0,0.6,hffd,0,1,-0.1199999999999903,0.0071766499895602,60,1200
20,3,0.0,0.6,hffd,1,1,-0.1599999999999966,0.006694341005641,60,1200
20,3,0.0,0.6,hffd,2,1,-0.2299999999999897,0.0063962779968278,60,1200
20,3,0.0,0.6,hffd_nadav,0,1,-0.1199999999999903,0.0008421689999522,60,1200
20,3,0.0,0.6,hffd_nadav,1,1,-0.1599999999999966,0.0008762509969528,60,1200
20,3,0.0,0.6,hffd_nadav,2,1,-0.2299999999999897,0.0009178049949696,60,1200
20,3,0.1,0.6,hffd,0,1,-0.0183678725831555,0.0057831309968605,60,1200
20,3,0.1,0.6,hffd,1,1,-0.0874140248800472,0.0057808900019153,60,1200
20,3,0.1,0.6,hffd,2,1,-0.2300663729969301,0.0075287329964339,60,1200
20,3,0.1,0.6,hffd_nadav,0,1,-0.0183678725831555,0.0007988510042196,60,1200
20,3,0.1,0.6,hffd_nadav,1,1,-0.0874140248800472,0.0013564320106524,60,1200
20,3,0.1,0.6,hffd_nadav,2,1,-0.2350062081131767,0.0008256180008174,60,1200
20,3,0.1,0.8,hffd,0,1,-0.5015335960974596,0.0065451340051367,60,1200
20,3,0.1,0.8,hffd,1,1,-0.2601211604832087,0.0085400920070242,60,1200
20,3,0.1,0.8,hffd,2,1,-0.0871793591945504,0.0068114739988232,60,1200
20,3,0.1,0.8,hffd_nadav,0,1,-0.1650475043002757,0.0010413580021122,60,1200
20,3,0.1,0.8,hffd_nadav,1,1,-0.3467499812660719,0.0010590469901217,60,1200
20,3,0.1,0.8,hffd_nadav,2,1,-0.28961599310324,0.0017956089868675,60,1200
20,3,0.1,1.0,hffd,0,1,-0.2429679995346703,0.0089310729963472,60,1200
20,3,0.1,1.0,hffd,1,1,-0.1376763248842962,0.0072239119908772,60,1200
20,3,0.1,1.0,hffd,2,1,-0.1087575628604895,0.0081700830050976,60,1200
20,3,0.1,1.0,hffd_nadav,0,1,-0.0686558596409554,0.0009543150081299,60,1200
20,3,0.1,1.0,hffd_nadav,1,1,-0.1537122452230335,0.0009551599941914,60,1200
20,3,0.1,1.0,hffd_nadav,2,1,-0.3094127922306597,0.0008311419951496,60,1200
20,3,0.1,1.2,hffd,0,1,-0.0123602267030378,0.0081098540103994,60,1200
20,3,0.1,1.2,hffd,1,1,-0.0432859688533824,0.0064810740004759,60,1200
20,3,0.1,1.2,hffd,2,1,-0.3485979036602487,0.0064066170016303,60,1200
20,3,0.1,1.2,hffd_nadav,0,1,-0.0645172864787184,0.000940919999266,60,1200
20,3,0.1,1.2,hffd_nadav,1,1,-0.1626554964745139,0.0008740960038267,60,1200
20,3,0.1,1.2,hffd_nadav,2,1,-0.0494889602279613,0.0008041149994824,60,1200
20,3,0.3,0.6,hffd,0,1,-0.0808274069409833,0.0051592209929367,60,1200
20,3,0.3,0.6,hffd,1,1,-0.1105877579461918,0.0051866919966414,60,1200
20,3,0.3,0.6,hffd,2,1,-0.0006095244503399,0.0055392119975294,60,1200
20,3,0.3,0.6,hffd_nadav,0,1,-0.1372540855829243,0.0008613539976067,60,1200
20,3,0.3,0.6,hffd_nadav,1,1,-0.3320028812773472,0.0008580519934184,60,1200
20,3,0.3,0.6,hffd_nadav,2,1,-0.1110662677227622,0.0008621680026408,60,1200
20,3,0.6,0.6,hffd,0,1,-0.0895363095278867,0.0057762780052144,60,1200
20,3,0.6,0.6,hffd,1,1,-0.7096538739888558,0.0068816350103588,60,1200
20,3,0.6,0.6,hffd,2,1,-0.3376748010436898,0.0059768720093416,60,1200
20,3,0.6,0.6,hffd_nadav,0,1,-0.30068315862556,0.0008903700072551,60,1200
20,3,0.6,0.6,hffd_nadav,1,1,-0.1665042257044859,0.0008773270092206,60,1200
20,3,0.6,0.6,hffd_nadav,2,1,-0.003483449790238,0.0008086070010904,60,1200
20,3,0.6,0.8,hffd,0,1,-0.5427346521093455,0.005537852004636,60,1200
20,3,0.6,0.8,hffd,1,1,-0.0364376541252795,0.0061960690072737,60,1200
20,3,0.6,0.8,hffd,2,1,-0.268459787558811,0.0064532250107731,60,1200
20,3,0.6,0.8,hffd_nadav,0,1,-0.0406692359006228,0.0008266479999292,60,1200
20,3,0.6,0.8,hffd_nadav,1,1,-0.1354043249618257,0.0008530890045221,60,1200
20,3,0.6,0.8,hffd_nadav,2,1,-0.2932292215748759,0.0008415279880864,60,1200
20,3,0.6,1.0,hffd,0,1,-0.0395290838948483,0.0060549189947778,60,1200
20,3,0.6,1.0,hffd,1,1,-0.1238960516531904,0.0056962859962368,60,1200
20,3,0.6,1.0,hffd,2,1,-0.9760783019829092,0.0075573469948722,60,1200
20,3,0.6,1.0,hffd_nadav,0,1,-0.0578971632560012,0.0008193889952963,60,1200
20,3,0.6,1.0,hffd_nadav,1,1,-0.0171499704508448,0.0007686410099267,60,1200
20,3,0.6,1.0,hffd_nadav,2,1,-0.3246860099170021,0.0008227469952544,60,1200
20,3,0.6,1.2,hffd,0,1,-0.0428464978805323,0.0050799049931811,60,1200
20,3,0.6,1.2,hffd,1,1,-0.490664682635014,0.0055957410077098,60,1200
20,3,0.6,1.2,hffd,2,1,-0.3124977499115005,0.0053334859985625,60,1200
20,3,0.6,1.2,hffd_nadav,0,1,-0.54341924740433,0.0011860300000989,60,1200
20,3,0.6,1.2,hffd_nadav,1,1,-0.4709387508451357,0.0008214219997171,60,1200
20,3,0.6,1.2,hffd_nadav,2,1,-0.0422752531516152,0.0008195769914891,60,1200
20,6,0.0,0.6,hffd,0,1,-0.7299999999999898,0.0145202540006721,120,2400
20,6,0.0,0.6,hffd,1,1,-0.7699999999999818,0.0148477499897126,120,2400
20,6,0.0,0.6,hffd,2,1,-0.5600000000000023,0.013022662998992,120,2400
20,6,0.0,0.6,hffd_nadav,0,1,-0.7299999999999898,0.0017507539887446,120,2400
20,6,0.0,0.6,hffd_nadav,1,1,-0.7699999999999818,0.0025575909967301,120,2400
20,6,0.0,0.6,hffd_nadav,2,1,-0.5600000000000023,0.0013530479918699,120,2400
20,6,0.1,0.6,hffd,0,1,-0.318057521115918,0.0135601160000078,120,2400
20,6,0.1,0.6,hffd,1,1,-0.0923632270802841,0.0129301940032746,120,2400
20,6,0.1,0.6,hffd,2,1,-0.1650123868077742,0.0143583249882794,120,2400
20,6,0.1,0.6,hffd_nadav,0,1,-0.030491309654252,0.0019396799907553,120,2400
20,6,0.1,0.6,hffd_nadav,1,1,-0.0501136615581856,0.0018637760076671,120,2400
20,6,0.1,0.6,hffd_nadav,2,1,-0.0161376756154538,0.0030553489923477,120,2400
20,6,0.1,0.8,hffd,0,1,-0.1058724670459128,0.0397602170123718,120,2400
20,6,0.1,0.8,hffd,1,1,-0.0913617428942075,0.0246551799937151,120,2400
20,6,0.1,0.8,hffd,2,1,-0.1779351940193123,0.0193902940081898,120,2400
20,6,0.1,0.8,hffd_nadav,0,1,-0.056971896459288,0.0014561530115315,120,2400
20,6,0.1,0.8,hffd_nadav,1,1,-0.0235598093963744,0.001484436012106,120,2400
20,6,0.1,0.8,hffd_nadav,2,1,-0.0060894373682458,0.0024613830028101,120,2400
20,6,0.1,1.0,hffd,0,1,-0.041149880410046,0.0164467730064643,120,2400
20,6,0.1,1.0,hffd,1,1,-0.0789814372330965,0.0170563459978438,120,2400
20,6,0.1,1.0,hffd,2,1,-0.192525670171733,0.0159880330029409,120,2400
20,6,0.1,1.0,hffd_nadav,0,1,-0.1860947317156842,0.0026517220103414,120,2400
20,6,0.1,1.0,hffd_nadav,1,1,-0.3424249035389834,0.0014450180024141,120,2400
20,6,0.1,1.0,hffd_nadav,2,1,-0.0291480503937577,0.0013602909893961,120,2400
20,6,0.1,1.2,hffd,0,1,-0.049806444088233,0.0156013069936307,120,2400
20,6,0.1,1.2,hffd,1,1,-0.0643741294650226,0.0156984350032871,120,2400
20,6,0.1,1.2,hffd,2,1,-0.0131675502393022,0.0156442240113392,120,2400
20,6,0.1,1.2,hffd_nadav,0,1,-0.3170152387199323,0.0013403639895841,120,2400
20,6,0.1,1.2,hffd_nadav,1,1,-0.0981454290795795,0.0012531969987321,120,2400
20,6,0.1,1.2,hffd_nadav,2,1,-0.06553157315318,0.0014589989878004,120,2400
20,6,0.3,0.6,hffd,0,1,-0.5780044091874572,0.0138121549971401,120,2400
20,6,0.3,0.6,hffd,1,1,-0.2841707066773153,0.0149191679956857,120,2400
20,6,0.3,0.6,hffd,2,1,-0.0334270509924863,0.0141202100057853,120,2400
20,6,0.3,0.6,hffd_nadav,0,1,-0.1658285913891006,0.0013661389966728,120,2400
20,6,0.3,0.6,hffd_nadav,1,1,-0.0779163133996689,0.0013787579955533,120,2400
20,6,0.3,0.6,hffd_nadav,2,1,-0.1239927634131845,0.0011990219936706,120,2400
20,6,0.6,0.6,hffd,0,1,-0.131262280212951,0.0139231950015528,120,2400
20,6,0.6,0.6,hffd,1,1,-0.117420386655425,0.0145371730031911,120,2400
20,6,0.6,0.6,hffd,2,1,-0.0882493421894423,0.0164690270030405,120,2400
20,6,0.6,0.6,hffd_nadav,0,1,-0.0156303302904063,0.001321570991422,120,2400
20,6,0.6,0.6,hffd_nadav,1,1,-0.7240645448036673,0.0012614360020961,120,2400
20,6,0.6,0.6,hffd_nadav,2,1,-0.2553370453811681,0.0013153260078979,120,2400
20,6,0.6,0.8,hffd,0,1,-0.2832841361266673,0.014770973008126,120,2400
20,6,0.6,0.8,hffd,1,1,-0.1483080834796055,0.0163475070003187,120,2400
20,6,0.6,0.8,hffd,2,1,-0.0080474605705376,0.0155396460031624,120,2400
20,6,0.6,0.8,hffd_nadav,0,1,-0.138015928311745,0.0012974720011698,120,2400
20,6,0.6,0.8,hffd_nadav,1,1,-0.2130124830716226,0.0013709330087294,120,2400
20,6,0.6,0.8,hffd_nadav,2,1,-0.1736017756103933,0.0014253730041673,120,2400
20,6,0.6,1.0,hffd,0,1,-0.4696993410626646,0.0144053530093515,120,2400
20,6,0.6,1.0,hffd,1,1,-0.0672852257359295,0.015786706993822,120,2400
20,6,0.6,1.0,hffd,2,1,-0.0156526209503908,0.0167020259978016,120,2400
20,6,0.6,1.0,hffd_nadav,0,1,-0.4429178069358386,0.0013545450055971,120,2400
20,6,0.6,1.0,hffd_nadav,1,1,-0.1501512228705337,0.001682777001406,120,2400
20,6,0.6,1.0,hffd_nadav,2,1,-0.2510907861067153,0.0013184709969209,120,2400
20,6,0.6,1.2,hffd,0,1,-0.5024760038645013,0.0343846759933512,120,2400
20,6,0.6,1.2,hffd,1,1,-0.3607029743057524,0.0184436670097056,120,2400
20,6,0.6,1.2,hffd,2,1,-0.1778701635431048,0.0173907529970165,120,2400
20,6,0.6,1.2,hffd_nadav,0,1,-0.0786868376007987,0.0013600029924418,120,2400
20,6,0.6,1.2,hffd_nadav,1,1,-0.4962965264155627,0.0014060029934626,120,2400
20,6,0.6,1.2,hffd_nadav,2,1,-0.4848216011678801,0.0013696649984922,120,2400
20,12,0.0,0.6,hffd,0,1,-0.9499999999999886,0.0364858009997988,240,4800
20,12,0.0,0.6,hffd,1,1,-0.1799999999999499,0.0363594199880026,240,4800
20,12,0.0,0.6,hffd,2,1,-0.1399999999999863,0.0389056440035346,240,4800
20,12,0.0,0.6,hffd_nadav,0,1,-0.9499999999999886,0.0024634470028104,240,4800
20,12,0.0,0.6,hffd_nadav,1,1,-0.1799999999999499,0.0038239749992499,240,4800
20,12,0.0,0.6,hffd_nadav,2,1,-0.1399999999999863,0.0022987450065556,240,4800
20,12,0.0,0.8,hffd,0,1,-0.6000000000000227,0.0414790990034816,240,4800
20,12,0.0,0.8,hffd,1,1,-0.2400000000000091,0.04047772398917,240,4800
20,12,0.0,0.8,hffd,2,1,-0.5200000000000955,0.0401500849984586,240,4800
20,12,0.0,0.8,hffd_nadav,0,1,-0.6000000000000227,0.0025093370059039,240,4800
20,12,0.0,0.8,hffd_nadav,1,1,-0.2400000000000091,0.002355285003432,240,4800
20,12,0.0,0.8,hffd_nadav,2,1,-0.5200000000000955,0.0027207109960727,240,4800
20,12,0.0,1.0,hffd,0,1,-0.25,0.0465432769997278,240,4800
20,12,0.0,1.0,hffd,1,1,-0.2999999999999545,0.0461598090041661,240,4800
20,12,0.0,1.0,hffd,2,1,-0.8999999999999773,0.046163726990926,240,4800
20,12,0.0,1.0,hffd_nadav,0,1,-0.25,0.0030071299988776,240,4800
20,12,0.0,1.0,hffd_nadav,1,1,-0.2999999999999545,0.0024194290017476,240,4800
20,12,0.0,1.0,hffd_nadav,2,1,-0.8999999999999773,0.0034836160048143,240,4800
20,12,0.0,1.2,hffd,0,1,-0.8999999999999773,0.0473979789967415,240,4800
20,12,0.0,1.2,hffd,1,1,-0.3599999999998999,0.047927243009326,240,4800
20,12,0.0,1.2,hffd,2,1,-0.2799999999999727,0.049818588013295,240,4800
20,12,0.0,1.2,hffd_nadav,0,1,-0.8999999999999773,0.0022732020006515,240,4800
20,12,0.0,1.2,hffd_nadav,1,1,-0.3599999999998999,0.0023052769975038,240,4800
20,12,0.0,1.2,hffd_nadav,2,1,-0.2799999999999727,0.0027181759942322,240,4800
20,12,0.1,0.6,hffd,0,1,-0.0792488148514394,0.0390664649894461,240,4800
20,12,0.1,0.6,hffd,1,1,-0.0392249043954393,0.0348385679972125,240,4800
20,12,0.1,0.6,hffd,2,1,-0.045860006255566,0.0388311129936482,240,4800
20,12,0.1,0.6,hffd_nadav,0,1,-0.0077623504272423,0.002573609992396,240,4800
20,12,0.1,0.6,hffd_nadav,1,1,-0.0860388182019846,0.0033250589913222,240,4800
20,12,0.1,0.6,hffd_nadav,2,1,-0.0419827796487766,0.0024486979964422,240,4800
20,12,0.1,0.8,hffd,0,1,-0.0898752453215365,0.0404000749986153,240,4800
20,12,0.1,0.8,hffd,1,1,-0.1669305783445906,0.0434177139977691,240,4800
20,12,0.1,0.8,hffd,2,1,-0.0142394899047531,0.0431948879995616,240,4800
20,12,0.1,0.8,hffd_nadav,0,1,-0.3793136364922702,0.0032514729973627,240,4800
20,12,0.1,0.8,hffd_nadav,1,1,-0.0028934199731338,0.0025713650102261,240,4800
20,12,0.1,0.8,hffd_nadav,2,1,-0.0327103086070792,0.0030874410003889,240,4800
20,12,0.1,1.0,hffd,0,1,-0.0068391436525416,0.0526299000048311,240,4800
20,12,0.1,1.0,hffd,1,1,-0.0825904051861243,0.0438775560032809,240,4800
20,12,0.1,1.0,hffd,2,1,-0.2884389166733854,0.0464577230013674,240,4800
20,12,0.1,1.0,hffd_nadav,0,1,-0.2946534606999194,0.0029300320020411,240,4800
20,12,0.1,1.0,hffd_nadav,1,1,-0.103627063953354,0.0025982929946621,240,4800
20,12,0.1,1.0,hffd_nadav,2,1,-0.0630387621500858,0.0024438349937554,240,4800
20,12,0.1,1.2,hffd,0,1,-0.0239771927853098,0.046417757999734,240,4800
20,12,0.1,1.2,hffd,1,1,-0.2617495663412228,0.0469035060086753,240,4800
20,12,0.1,1.2,hffd,2,1,-0.0436235344508304,0.0498625619948143,240,4800
20,12,0.1,1.2,hffd_nadav,0,1,-0.0581901081845899,0.0034787579934345,240,4800
20,12,0.1,1.2,hffd_nadav,1,1,-0.015513906863589,0.0024456649989588,240,4800
20,12,0.1,1.2,hffd_nadav,2,1,-0.0376809761712593,0.0025475200091023,240,4800
20,12,0.3,0.6,hffd,0,1,-0.0285266286116439,0.0401701160008087,240,4800
20,12,0.3,0.6,hffd,1,1,-0.1241847270232483,0.0389431889925617,240,4800
20,12,0.3,0.6,hffd,2,1,-0.1208196796643505,0.0370311180013231,240,4800
20,12,0.3,0.6,hffd_nadav,0,1,-0.1280304873442901,0.0024200470070354,240,4800
20,12,0.3,0.6,hffd_nadav,1,1,-0.2652895900804992,0.0024150230019586,240,4800
20,12,0.3,0.6,hffd_nadav,2,1,-0.1895146558550209,0.0027341329987393,240,4800
20,12,0.3,0.8,hffd,0,1,-0.007987278436417,0.0454109810088994,240,4800
20,12,0.3,0.8,hffd,1,1,-0.0157674961732254,0.0449065540014999,240,4800
20,12,0.3,0.8,hffd,2,1,-0.4653070927363387,0.0437710389960557,240,4800
20,12,0.3,0.8,hffd_nadav,0,1,-0.2578569827163619,0.0036289109993958,240,4800
20,12,0.3,0.8,hffd_nadav,1,1,-0.0258279435679469,0.0027510189975146,240,4800
20,12,0.3,0.8,hffd_nadav,2,1,-0.0089130736658944,0.0025485899968771,240,4800
20,12,0.3,1.0,hffd,0,1,-0.1093210935761135,0.0505154569982551,240,4800
20,12,0.3,1.0,hffd,1,1,-0.0245724087815233,0.0457888050004839,240,4800
20,12,0.3,1.0,hffd,2,1,-0.0982108937325847,0.044958985003177,240,4800
20,12,0.3,1.0,hffd_nadav,0,1,-0.0406896764700377,0.0025951900024665,240,4800
20,12,0.3,1.0,hffd_nadav,1,1,-0.0666028774470532,0.0032811149867484,240,4800
20,12,0.3,1.0,hffd_nadav,2,1,-0.0185020933384976,0.0026409679994685,240,4800
20,12,0.3,1.2,hffd,0,1,-0.0204769527060761,0.0476473680027993,240,4800
20,12,0.3,1.2,hffd,1,1,-0.1648914039243436,0.0495643390022451,240,4800
20,12,0.3,1.2,hffd,2,1,-0.0963828840509677,0.0504914049961371,240,4800
20,12,0.3,1.2,hffd_nadav,0,1,-0.0401327710483201,0.0024097949935821,240,4800
20,12,0.3,1.2,hffd_nadav,1,1,-0.0326296583973544,0.0024753119942033,240,4800
20,12,0.3,1.2,hffd_nadav,2,1,-0.2125669323481815,0.0026743750058813,240,4800
20,12,0.6,0.6,hffd,0,1,-0.2265447776108544,0.0399730859935516,240,4800
20,12,0.6,0.6,hffd,1,1,-0.0228356993908391,0.0407387199957156,240,4800
20,12,0.6,0.6,hffd,2,1,-0.0784770511311307,0.0403859979996923,240,4800
20,12,0.6,0.6,hffd_nadav,0,1,-0.0325460068439156,0.0025363379972986,240,4800
20,12,0.6,0.6,hffd_nadav,1,1,-0.0145897832907735,0.0024849100009305,240,4800
20,12,0.6,0.6,hffd_nadav,2,1,-0.0705651308568349,0.0027307560085318,240,4800
20,12,0.6,0.8,hffd,0,1,-0.0528883479745445,0.0470528040023054,240,4800
20,12,0.6,0.8,hffd,1,1,-0.186214406146405,0.0449401569931069,240,4800
20,12,0.6,0.8,hffd,2,1,-0.2013926702859407,0.0497345689946087,240,4800
20,12,0.6,0.8,hffd_nadav,0,1,-0.0556157657599669,0.0023354459990514,240,4800
20,12,0.6,0.8,hffd_nadav,1,1,-0.01618659083897,0.0024380160029977,240,4800
20,12,0.6,0.8,hffd_nadav,2,1,-0.0382545630924369,0.0023155759990913,240,4800
20,12,0.6,1.0,hffd,0,1,-0.0491859757071324,0.0477281320054316,240,4800
20,12,0.6,1.0,hffd,1,1,-0.1693292308746095,0.0508597769949119,240,4800
20,12,0.6,1.0,hffd,2,1,-0.1786204574020757,0.0494902009959332,240,4800
20,12,0.6,1.0,hffd_nadav,0,1,-0.0446444841194306,0.0033447129972046,240,4800
20,12,0.6,1.0,hffd_nadav,1,1,-0.0073770053687667,0.0025879890017677,240,4800
20,12,0.6,1.0,hffd_nadav,2,1,-0.0793496093922385,0.0030446680029854,240,4800
20,12,0.6,1.2,hffd,0,1,-0.1715101758952641,0.0514792559988563,240,4800
20,12,0.6,1.2,hffd,1,1,-0.3271953274933139,0.0516773910057963,240,4800
20,12,0.6,1.2,hffd,2,1,-0.0288274407357675,0.0477458100067451,240,4800
20,12,0.6,1.2,hffd_nadav,0,1,-0.0530050029258291,0.0023751389962853,240,4800
20,12,0.6,1.2,hffd_nadav,1,1,-0.6784503033550209,0.0023886519920779,240,4800
20,12,0.6,1.2,hffd_nadav,2,1,-0.3446673923223216,0.0027478679985506,240,4800
40,3,0.0,0.6,hffd,0,1,-0.3649999999999949,0.0382981449947692,120,4800
40,3,0.0,0.6,hffd,1,1,-0.3849999999999909,0.0401273930037859,120,4800
40,3,0.0,0.6,hffd,2,1,-0.7800000000000011,0.0395358270034194,120,4800
40,3,0.0,0.6,hffd_nadav,0,1,-0.3649999999999949,0.0029744249914074,120,4800
40,3,0.0,0.6,hffd_nadav,1,1,-0.3849999999999909,0.0022894389985594,120,4800
40,3,0.0,0.6,hffd_nadav,2,1,-0.7800000000000011,0.0022239329991862,120,4800
40,3,0.1,0.6,hffd,0,1,-0.0517487529765077,0.0371402239979943,120,4800
40,3,0.1,0.6,hffd,1,1,-0.0254207790396492,0.037574689995381,120,4800
40,3,0.1,0.6,hffd,2,1,-0.0733305329511893,0.037492363990168,120,4800
40,3,0.1,0.6,hffd_nadav,0,1,-0.0994531851087998,0.00230447598733,120,4800
40,3,0.1,0.6,hffd_nadav,1,1,-0.2147045956519235,0.0025691880000522,120,4800
40,3,0.1,0.6,hffd_nadav,2,1,-0.065973248216494,0.0023835970059735,120,4800
40,3,0.1,0.8,hffd,0,1,-0.0068220917561916,0.0401770000025862,120,4800
40,3,0.1,0.8,hffd,1,1,-0.0010072894188795,0.0420789409981807,120,4800
40,3,0.1,0.8,hffd,2,1,-0.0058163025630904,0.0387996880017453,120,4800
40,3,0.1,0.8,hffd_nadav,0,1,-0.0403367227263231,0.003008651008713,120,4800
40,3,0.1,0.8,hffd_nadav,1,1,-0.0914383710370145,0.0027098080026917,120,4800
40,3,0.1,0.8,hffd_nadav,2,1,-0.1266496471726554,0.0024696359905647,120,4800
40,3,0.1,1.0,hffd,0,1,-0.0989652807170102,0.0398369220056338,120,4800
40,3,0.1,1.0,hffd,1,1,-0.0284317142315728,0.0409392400033539,120,4800
40,3,0.1,1.0,hffd,2,1,-0.0467932141359597,0.0427468720008619,120,4800
40,3,0.1,1.0,hffd_nadav,0,1,-0.0405018380360218,0.0028259370010346,120,4800
40,3,0.1,1.0,hffd_nadav,1,1,-0.1417640619135909,0.0026907450082944,120,4800
40,3,0.1,1.0,hffd_nadav,2,1,-0.0028740539754608,0.0025114980089711,120,4800
40,3,0.1,1.2,hffd,0,1,-0.0806904690049634,0.0375854939920827,120,4800
40,3,0.1,1.2,hffd,1,1,-0.1022270767627446,0.0407536099955905,120,4800
40,3,0.1,1.2,hffd,2,1,-0.0368247500802851,0.0377450530068017,120,4800
40,3,0.1,1.2,hffd_nadav,0,1,-0.030491309654252,0.0024387489975197,120,4800
40,3,0.1,1.2,hffd_nadav,1,1,-0.0501136615581856,0.0027907720068469,120,4800
40,3,0.1,1.2,hffd_nadav,2,1,-0.0161376756154538,0.0021330029994715,120,4800
40,3,0.3,0.6,hffd,0,1,-0.0603510983427497,0.038443202007329,120,4800
40,3,0.3,0.6,hffd,1,1,-0.0314469831585171,0.0396042659995146,120,4800
40,3,0.3,0.6,hffd,2,1,-0.0333869044239776,0.0399187199946027,120,4800
40,3,0.3,0.6,hffd_nadav,0,1,-0.0170450754068127,0.0023159089905675,120,4800
40,3,0.3,0.6,hffd_nadav,1,1,-5.002671613851817e-06,0.002259867003886,120,4800
40,3,0.3,0.6,hffd_nadav,2,1,-0.0311457670880486,0.0023710480018053,120,4800
40,3,0.6,0.6,hffd,0,1,-0.0215442170213151,0.0440920690016355,120,4800
40,3,0.6,0.6,hffd,1,1,-0.1008326742735334,0.0403253419935936,120,4800
40,3,0.6,0.6,hffd,2,1,-0.0431128172309769,0.0434392129973275,120,4800
40,3,0.6,0.6,hffd_nadav,0,1,-0.024810505749258,0.00292367801012,120,4800
40,3,0.6,0.6,hffd_nadav,1,1,-0.0008507088533207,0.0023328639945248,120,4800
40,3,0.6,0.6,hffd_nadav,2,1,-0.1413772115806182,0.0031576940091326,120,4800
40,3,0.6,0.8,hffd,0,1,-0.1439057592905896,0.0402342710003722,120,4800
40,3,0.6,0.8,hffd,1,1,-0.1678737939835457,0.0411879330058582,120,4800
40,3,0.6,0.8,hffd,2,1,-0.5356606363819765,0.0393967810086905,120,4800
40,3,0.6,0.8,hffd_nadav,0,1,-0.04584283017914,0.0024270659923786,120,4800
40,3,0.6,0.8,hffd_nadav,1,1,-0.1506857074117533,0.0025716240052133,120,4800
40,3,0.6,0.8,hffd_nadav,2,1,-0.1050767978674116,0.0039578959986101,120,4800
40,3,0.6,1.0,hffd,0,1,-0.1047162541073305,0.0401052239903947,120,4800
40,3,0.6,1.0,hffd,1,1,-0.3969128004423226,0.0389993470016634,120,4800
40,3,0.6,1.0,hffd,2,1,-0.0400905210549638,0.0415871340082958,120,4800
40,3,0.6,1.0,hffd_nadav,0,1,-0.019561570251966,0.0022659030073555,120,4800
40,3,0.6,1.0,hffd_nadav,1,1,-0.3704787073669422,0.0022902639902895,120,4800
40,3,0.6,1.0,hffd_nadav,2,1,-0.0010578137996901,0.0023318730090977,120,4800
40,3,0.6,1.2,hffd,0,1,-0.1959292998277249,0.0391977179970126,120,4800
40,3,0.6,1.2,hffd,1,1,-0.2668618601665287,0.0408653999911621,120,4800
40,3,0.6,1.2,hffd,2,1,-0.3351898068085575,0.0393999350053491,120,4800
40,3,0.6,1.2,hffd_nadav,0,1,-0.0156303302904063,0.0030635689909104,120,4800
40,3,0.6,1.2,hffd_nadav,1,1,-0.2796507822725118,0.0021043620072305,120,4800
40,3,0.6,1.2,hffd_nadav,2,1,-0.0394362968871462,0.0035521639947546,120,4800
40,6,0.0,0.6,hffd,0,1,-0.4749999999999943,0.0963269490021048,240,9600
40,6,0.0,0.6,hffd,1,1,-0.589999999999975,0.1036927270033629,240,9600
40,6,0.0,0.6,hffd,2,1,-0.5699999999999932,0.097461850993568,240,9600
40,6,0.0,0.6,hffd_nadav,0,1,-0.4749999999999943,0.0047692829975858,240,9600
40,6,0.0,0.6,hffd_nadav,1,1,-0.589999999999975,0.0049394660018151,240,9600
40,6,0.0,0.6,hffd_nadav,2,1,-0.5699999999999932,0.0044616170052904,240,9600
40,6,0.1,0.6,hffd,0,1,-0.074694348142799,0.1010790989967063,240,9600
40,6,0.1,0.6,hffd,1,1,-0.0115495968167067,0.1010092239885125,240,9600
40,6,0.1,0.6,hffd,2,1,-0.0088887179411756,0.0965727820002939,240,9600
40,6,0.1,0.6,hffd_nadav,0,1,-0.0589521506167329,0.0051714110013563,240,9600
40,6,0.1,0.6,hffd_nadav,1,1,-0.0008210669672337,0.0046869140060152,240,9600
40,6,0.1,0.6,hffd_nadav,2,1,-0.0001467397399039,0.0043377249967306,240,9600
40,6,0.1,0.8,hffd,0,1,-0.0143671251707928,0.1126469529990572,240,9600
40,6,0.1,0.8,hffd,1,1,-0.0615953587422382,0.1069208569970214,240,9600
40,6,0.1,0.8,hffd,2,1,-0.0109695364862432,0.1106244059919845,240,9600
40,6,0.1,0.8,hffd_nadav,0,1,-0.0827810370468569,0.0042531280050752,240,9600
40,6,0.1,0.8,hffd_nadav,1,1,-0.0294000627354193,0.0046268180012702,240,9600
40,6,0.1,0.8,hffd_nadav,2,1,-0.0101525264169595,0.0047900339995976,240,9600
40,6,0.1,1.0,hffd,0,1,-0.0099064765207685,0.1224359670013655,240,9600
40,6,0.1,1.0,hffd,1,1,-0.0516521481118275,0.1227322449994972,240,9600
40,6,0.1,1.0,hffd,2,1,-0.0391325257479024,0.1242536549980286,240,9600
40,6,0.1,1.0,hffd_nadav,0,1,-0.0259318417830627,0.004584356007399,240,9600
40,6,0.1,1.0,hffd_nadav,1,1,-0.0008931470634365,0.0043879330041818,240,9600
40,6,0.1,1.0,hffd_nadav,2,1,-0.03643103989981,0.0047981230018194,240,9600
40,6,0.1,1.2,hffd,0,1,-0.0080559318903965,0.1223483909998321,240,9600
40,6,0.1,1.2,hffd,1,1,-0.0072225733719051,0.1186788470076862,240,9600
40,6,0.1,1.2,hffd,2,1,-0.045860006255566,0.1191225499933352,240,9600
40,6,0.1,1.2,hffd_nadav,0,1,-0.0077623504272423,0.0052252809982746,240,9600
40,6,0.1,1.2,hffd_nadav,1,1,-0.0860388182019846,0.0043883379985345,240,9600
40,6,0.1,1.2,hffd_nadav,2,1,-0.0059468459253935,0.0046763619902776,240,9600
40,6,0.3,0.6,hffd,0,1,-0.032850076673327,0.1111850709858117,240,9600
40,6,0.3,0.6,hffd,1,1,-0.0062400015592345,0.1117389050050405,240,9600
40,6,0.3,0.6,hffd,2,1,-0.1795923663022165,0.1035036020039115,240,9600
40,6,0.3,0.6,hffd_nadav,0,1,-0.0047665257034452,0.0045065650047035,240,9600
40,6,0.3,0.6,hffd_nadav,1,1,-0.0285636983910819,0.0047222150024026,240,9600
40,6,0.3,0.6,hffd_nadav,2,1,-0.0138630671635269,0.0043553029972827,240,9600
40,6,0.6,0.6,hffd,0,1,-0.0230248252954368,0.1171146630076691,240,9600
40,6,0.6,0.6,hffd,1,1,-0.0321579901651887,0.1164421349967597,240,9600
40,6,0.6,0.6,hffd,2,1,-0.0399426948217467,0.1176992370019434,240,9600
40,6,0.6,0.6,hffd_nadav,0,1,-0.0761616494108921,0.0044962459942325,240,9600
40,6,0.6,0.6,hffd_nadav,1,1,-0.0368883745213111,0.0043504619970917,240,9600
40,6,0.6,0.6,hffd_nadav,2,1,-0.0409050181429222,0.0046872859966242,240,9600
40,6,0.6,0.8,hffd,0,1,-0.0074209958952451,0.1262732929899357,240,9600
40,6,0.6,0.8,hffd,1,1,-0.0309736993324918,0.1222894539969274,240,9600
40,6,0.6,0.8,hffd,2,1,-0.0128444230618924,0.1202519829967059,240,9600
40,6,0.6,0.8,hffd_nadav,0,1,-0.0368279136714022,0.0044846110104117,240,9600
40,6,0.6,0.8,hffd_nadav,1,1,-0.0591701038882206,0.0050833069981308,240,9600
40,6,0.6,0.8,hffd_nadav,2,1,-0.0845014482032411,0.0042979540012311,240,9600
40,6,0.6,1.0,hffd,0,1,-0.0317214576863875,0.1194791439920663,240,9600
40,6,0.6,1.0,hffd,1,1,-0.0207016341056487,0.1183283349964767,240,9600
40,6,0.6,1.0,hffd,2,1,-0.0038975516766868,0.1214323430031072,240,9600
40,6,0.6,1.0,hffd_nadav,0,1,-0.0193494293195612,0.005092434992548,240,9600
40,6,0.6,1.0,hffd_nadav,1,1,-0.0200196589687493,0.0044689409987768,240,9600
40,6,0.6,1.0,hffd_nadav,2,1,-0.0126463233589788,0.0041207040048902,240,9600
40,6,0.6,1.2,hffd,0,1,-0.010423427246792,0.1163951600028667,240,9600
40,6,0.6,1.2,hffd,1,1,-0.0998741549570354,0.1215266469953348,240,9600
40,6,0.6,1.2,hffd,2,1,-0.201747610314328,0.1190103370026918,240,9600
40,6,0.6,1.2,hffd_nadav,0,1,-0.0325460068439156,0.0047599879908375,240,9600
40,6,0.6,1.2,hffd_nadav,1,1,-0.0145897832907735,0.0044111290044384,240,9600
40,6,0.6,1.2,hffd_nadav,2,1,-0.0705651308568349,0.0048049009928945,240,9600
40,12,0.0,0.6,hffd,0,1,-0.3949999999999818,0.2885741310019512,480,19200
40,12,0.0,0.6,hffd,1,1,-0.6499999999999773,0.2939448889956111,480,19200
40,12,0.0,0.6,hffd,2,1,-0.0099999999999909,0.2886960430041654,480,19200
40,12,0.0,0.6,hffd_nadav,0,1,-0.3949999999999818,0.0099747869971906,480,19200
40,12,0.0,0.6,hffd_nadav,1,1,-0.6499999999999773,0.0095686619897605,480,19200
40,12,0.0,0.6,hffd_nadav,2,1,-0.0099999999999909,0.0104624160012463,480,19200
40,12,0.0,0.8,hffd,0,1,-0.8600000000000136,0.3213942300062626,480,19200
40,12,0.0,0.8,hffd,1,1,-0.2000000000000454,0.3293960370065178,480,19200
40,12,0.0,0.8,hffd,2,1,-0.6800000000000637,0.3204403369891224,480,19200
40,12,0.0,0.8,hffd_nadav,0,1,-0.8600000000000136,0.0087190300109796,480,19200
40,12,0.0,0.8,hffd_nadav,1,1,-0.2000000000000454,0.0090106799907516,480,19200
40,12,0.0,0.8,hffd_nadav,2,1,-0.6800000000000637,0.0087564509885851,480,19200
40,12,0.0,1.0,hffd,0,1,-0.3250000000000455,0.3563563490024535,480,19200
40,12,0.0,1.0,hffd,1,1,-0.75,0.3586038990033557,480,19200
40,12,0.0,1.0,hffd,2,1,-0.3500000000000227,0.3569080800079973,480,19200
40,12,0.0,1.0,hffd_nadav,0,1,-0.3250000000000455,0.0087161120027303,480,19200
40,12,0.0,1.0,hffd_nadav,1,1,-0.75,0.008805035991827,480,19200
40,12,0.0,1.0,hffd_nadav,2,1,-0.3500000000000227,0.0085853690106887,480,19200
40,12,0.0,1.2,hffd,0,1,-0.7899999999999636,0.3792418410012033,480,19200
40,12,0.0,1.2,hffd,1,1,-0.2999999999999545,0.3876486869994551,480,19200
40,12,0.0,1.2,hffd,2,1,-0.0199999999999818,0.3750513630075147,480,19200
40,12,0.0,1.2,hffd_nadav,0,1,-0.7899999999999636,0.0102265369932865,480,19200
40,12,0.0,1.2,hffd_nadav,1,1,-0.2999999999999545,0.010098826009198,480,19200
40,12,0.0,1.2,hffd_nadav,2,1,-0.0199999999999818,0.0089739819959504,480,19200
40,12,0.1,0.6,hffd,0,1,-0.0077460409927425,0.3122908560035284,480,19200
40,12,0.1,0.6,hffd,1,1,-0.0086284554226949,0.2887630740005988,480,19200
40,12,0.1,0.6,hffd,2,1,-0.0244621933063058,0.2852517440041993,480,19200
40,12,0.1,0.6,hffd_nadav,0,1,-0.021654802681212,0.0082131079980172,480,19200
40,12,0.1,0.6,hffd_nadav,1,1,-0.0179657654045968,0.0087230890057981,480,19200
40,12,0.1,0.6,hffd_nadav,2,1,-0.0148900854163116,0.0084911759913666,480,19200
40,12,0.1,0.8,hffd,0,1,-0.0222130774708375,0.3386581590020796,480,19200
40,12,0.1,0.8,hffd,1,1,-0.0321269351769615,0.3479303589992923,480,19200
40,12,0.1,0.8,hffd,2,1,-0.0089286270915636,0.3411217289976775,480,19200
40,12,0.1,0.8,hffd_nadav,0,1,-0.0121365657929572,0.0083609969879034,480,19200
40,12,0.1,0.8,hffd_nadav,1,1,-0.0049499060430662,0.0083742590068141,480,19200
40,12,0.1,0.8,hffd_nadav,2,1,-0.0061421409684498,0.0087289910006802,480,19200
40,12,0.1,1.0,hffd,0,1,-0.0806792447227735,0.3544783990073483,480,19200
40,12,0.1,1.0,hffd,1,1,-0.0263624761562368,0.3806778769940138,480,19200
40,12,0.1,1.0,hffd,2,1,-0.0383486582946943,0.3631461939949076,480,19200
40,12,0.1,1.0,hffd_nadav,0,1,-0.0082191795983135,0.0095864670001901,480,19200
40,12,0.1,1.0,hffd_nadav,1,1,-0.0212825675114345,0.0096677769906818,480,19200
40,12,0.1,1.0,hffd_nadav,2,1,-0.0011297432951096,0.0091376060008769,480,19200
40,12,0.1,1.2,hffd,0,1,-0.0091475365883297,0.3789477710088249,480,19200
40,12,0.1,1.2,hffd,1,1,-0.0378152106770812,0.3824043130007339,480,19200
40,12,0.1,1.2,hffd,2,1,-0.0503331034177563,0.3825459810032043,480,19200
40,12,0.1,1.2,hffd_nadav,0,1,-0.0457952959592375,0.0098328469903208,480,19200
40,12,0.1,1.2,hffd_nadav,1,1,-0.047664286660165,0.0087161900009959,480,19200
40,12,0.1,1.2,hffd_nadav,2,1,-0.0331580035964407,0.0081408789992565,480,19200
40,12,0.3,0.6,hffd,0,1,-0.0089851880651963,0.3029657809966011,480,19200
40,12,0.3,0.6,hffd,1,1,-0.0180320377799034,0.3085740480019012,480,19200
40,12,0.3,0.6,hffd,2,1,-0.0075516017514587,0.3264971359894844,480,19200
40,12,0.3,0.6,hffd_nadav,0,1,-0.1524377642421654,0.0083362940058577,480,19200
40,12,0.3,0.6,hffd_nadav,1,1,-0.0210751126827517,0.0107358189998194,480,19200
40,12,0.3,0.6,hffd_nadav,2,1,-0.0225434964636974,0.0099749750079354,480,19200
40,12,0.3,0.8,hffd,0,1,-0.0614684861732257,0.3654178290016716,480,19200
40,12,0.3,0.8,hffd,1,1,-0.0101709776641882,0.352386252998258,480,19200
40,12,0.3,0.8,hffd,2,1,-0.0218596294112103,0.3480165009968914,480,19200
40,12,0.3,0.8,hffd_nadav,0,1,-0.0155799767096596,0.009934831992723,480,19200
40,12,0.3,0.8,hffd_nadav,1,1,-0.0624176657656789,0.0091923109866911,480,19200
40,12,0.3,0.8,hffd_nadav,2,1,-0.0333521932534495,0.0094140689907362,480,19200
40,12,0.3,1.0,hffd,0,1,-0.0445829331482627,0.393220800004201,480,19200
40,12,0.3,1.0,hffd,1,1,-0.0077191500187154,0.3875752080057282,480,19200
40,12,0.3,1.0,hffd,2,1,-0.0007178894959452,0.3715536439995048,480,19200
40,12,0.3,1.0,hffd_nadav,0,1,-0.0676372945625871,0.0093974060000618,480,19200
40,12,0.3,1.0,hffd_nadav,1,1,-0.0593798547752157,0.0089430700027151,480,19200
40,12,0.3,1.0,hffd_nadav,2,1,-0.0039495985711255,0.0091930950002279,480,19200
40,12,0.3,1.2,hffd,0,1,-0.0656140673610252,0.4012876769993454,480,19200
40,12,0.3,1.2,hffd,1,1,-0.135241774518704,0.425082300993381,480,19200
40,12,0.3,1.2,hffd,2,1,-0.0173834772452892,0.4033285540062934,480,19200
40,12,0.3,1.2,hffd_nadav,0,1,-0.0535822655526772,0.0097549960046308,480,19200
40,12,0.3,1.2,hffd_nadav,1,1,-0.0880569110029227,0.0132948489917907,480,19200
40,12,0.3,1.2,hffd_nadav,2,1,-0.0394882702764789,0.0089547649986343,480,19200
40,12,0.6,0.6,hffd,0,1,-0.0758588558392148,0.3315546689991606,480,19200
40,12,0.6,0.6,hffd,1,1,-0.0302724557528222,0.340494269010378,480,19200
40,12,0.6,0.6,hffd,2,1,-0.0199433405681475,0.3565042100090068,480,19200
40,12,0.6,0.6,hffd_nadav,0,1,-0.0464078777799841,0.0103392199962399,480,19200
40,12,0.6,0.6,hffd_nadav,1,1,-0.0721406252611132,0.0098196569888386,480,19200
40,12,0.6,0.6,hffd_nadav,2,1,-0.0160905554496935,0.0094038020033622,480,19200
40,12,0.6,0.8,hffd,0,1,-0.0085957408284684,0.3760473099973751,480,19200
40,12,0.6,0.8,hffd,1,1,-0.0307348228940327,0.3702202109998325,480,19200
40,12,0.6,0.8,hffd,2,1,-0.0445875531456749,0.3753772290074266,480,19200
40,12,0.6,0.8,hffd_nadav,0,1,-0.0176296834871436,0.0098082320037065,480,19200
40,12,0.6,0.8,hffd_nadav,1,1,-0.004244613810556,0.0095107039960566,480,19200
40,12,0.6,0.8,hffd_nadav,2,1,-0.0463672333180511,0.0098206379916518,480,19200
40,12,0.6,1.0,hffd,0,1,-0.0387504927574582,0.3846979359950637,480,19200
40,12,0.6,1.0,hffd,1,1,-0.0554554169115135,0.3996194700011983,480,19200
40,12,0.6,1.0,hffd,2,1,-0.0477909477560842,0.3874013070017099,480,19200
40,12,0.6,1.0,hffd_nadav,0,1,-0.1213937318499347,0.0094810859882272,480,19200
40,12,0.6,1.0,hffd_nadav,1,1,-0.010645997231677,0.0093798419984523,480,19200
40,12,0.6,1.0,hffd_nadav,2,1,-0.1304534872466547,0.0107385160081321,480,19200
40,12,0.6,1.2,hffd,0,1,-0.0175519004142188,0.3999735370016424,480,19200
40,12,0.6,1.2,hffd,1,1,-0.0278970644828859,0.4093583959911484,480,19200
40,12,0.6,1.2,hffd,2,1,-0.2055413050563856,0.3978263110038824,480,19200
40,12,0.6,1.2,hffd_nadav,0,1,-0.0103068060229816,0.0088089470082195,480,19200
40,12,0.6,1.2,hffd_nadav,1,1,-0.0377360238200026,0.0094312340079341,480,19200
40,12,0.6,1.2,hffd_nadav,2,1,-0.1384041321357472,0.0096667069883551,480,19200
80,3,0.0,0.6,hffd,0,1,-0.2374999999999971,0.3100233900040621,240,19200
80,3,0.0,0.6,hffd,1,1,-0.2949999999999875,0.309805212993524,240,19200
80,3,0.0,0.6,hffd,2,1,-0.7849999999999966,0.3326307070092298,240,19200
80,3,0.0,0.6,hffd_nadav,0,1,-0.2374999999999971,0.0094292160065379,240,19200
80,3,0.0,0.6,hffd_nadav,1,1,-0.2949999999999875,0.0082418079982744,240,19200
80,3,0.0,0.6,hffd_nadav,2,1,-0.7849999999999966,0.0097966520115733,240,19200
80,3,0.0,0.8,hffd,0,1,-0.6500000000000057,0.3073302620032336,240,19200
80,3,0.0,0.8,hffd,1,1,-0.0600000000000022,0.3074773739936063,240,19200
80,3,0.0,0.8,hffd,2,1,-0.3800000000000239,0.3114179440017324,240,19200
80,3,0.0,0.8,hffd_nadav,0,1,-0.6500000000000057,0.0101633570011472,240,19200
80,3,0.0,0.8,hffd_nadav,1,1,-0.0600000000000022,0.0110245620016939,240,19200
80,3,0.0,0.8,hffd_nadav,2,1,-0.3800000000000239,0.0096661099960329,240,19200
80,3,0.0,1.0,hffd,0,1,-0.0625,0.3382577190059237,240,19200
80,3,0.0,1.0,hffd,1,1,-0.8249999999999886,0.3525856370106339,240,19200
80,3,0.0,1.0,hffd,2,1,-0.9749999999999944,0.3305674940056633,240,19200
80,3,0.0,1.0,hffd_nadav,0,1,-0.0625,0.0087184919975698,240,19200
80,3,0.0,1.0,hffd_nadav,1,1,-0.8249999999999886,0.0086992779979482,240,19200
80,3,0.0,1.0,hffd_nadav,2,1,-0.9749999999999944,0.0091913560027023,240,19200
80,3,0.0,1.2,hffd,0,1,-0.4749999999999943,0.3175529509899206,240,19200
80,3,0.0,1.2,hffd,1,1,-0.589999999999975,0.3083330980007304,240,19200
80,3,0.0,1.2,hffd,2,1,-0.5699999999999932,0.3232516839925665,240,19200
80,3,0.0,1.2,hffd_nadav,0,1,-0.4749999999999943,0.0111435529979644,240,19200
80,3,0.0,1.2,hffd_nadav,1,1,-0.589999999999975,0.0102489040000364,240,19200
80,3,0.0,1.2,hffd_nadav,2,1,-0.5699999999999932,0.0093505989934783,240,19200
80,3,0.1,0.6,hffd,0,1,-0.0008362431207729,0.2856913939904189,240,19200
80,3,0.1,0.6,hffd,1,1,-0.0309624625528215,0.2883766349987127,240,19200
80,3,0.1,0.6,hffd,2,1,-0.0193704598079875,0.2912953600025503,240,19200
80,3,0.1,0.6,hffd_nadav,0,1,-0.0134842972385911,0.0084297440043883,240,19200
80,3,0.1,0.6,hffd_nadav,1,1,-0.0707008866842784,0.0086046590004116,240,19200
80,3,0.1,0.6,hffd_nadav,2,1,-0.0077907867420776,0.0084683400054927,240,19200
80,3,0.1,0.8,hffd,0,1,-0.0003322583366696,0.3145408630080055,240,19200
80,3,0.1,0.8,hffd,1,1,-0.0040784193034255,0.3111277730058646,240,19200
80,3,0.1,0.8,hffd,2,1,-0.0042614840831447,0.3206456509942654,240,19200
80,3,0.1,0.8,hffd_nadav,0,1,-0.0218775289357608,0.0084269810031401,240,19200
80,3,0.1,0.8,hffd_nadav,1,1,-0.0040654230462848,0.0099627360032172,240,19200
80,3,0.1,0.8,hffd_nadav,2,1,-0.0043341749752414,0.0092171889991732,240,19200
80,3,0.1,1.0,hffd,0,1,-0.004232056660129,0.3254021549946628,240,19200
80,3,0.1,1.0,hffd,1,1,-0.0039133255954766,0.3321213409944903,240,19200
80,3,0.1,1.0,hffd,2,1,-0.0095453926787456,0.3384085270081414,240,19200
80,3,0.1,1.0,hffd_nadav,0,1,-0.0452787042412978,0.0091083110019098,240,19200
80,3,0.1,1.0,hffd_nadav,1,1,-0.0512666711458678,0.0086538780014961,240,19200
80,3,0.1,1.0,hffd_nadav,2,1,-0.0155779974905385,0.0079927510087145,240,19200
80,3,0.1,1.2,hffd,0,1,-0.0231476162861667,0.3220446850027656,240,19200
80,3,0.1,1.2,hffd,1,1,-0.0453449700146961,0.3222992090013576,240,19200
80,3,0.1,1.2,hffd,2,1,-0.0341787190737363,0.3119190419965889,240,19200
80,3,0.1,1.2,hffd_nadav,0,1,-0.0220001728362433,0.0078139550023479,240,19200
80,3,0.1,1.2,hffd_nadav,1,1,-0.0008210669672337,0.0080968069960363,240,19200
80,3,0.1,1.2,hffd_nadav,2,1,-0.0001467397399039,0.0099684430024353,240,19200
80,3,0.3,0.6,hffd,0,1,-0.0297964282885487,0.3044545640004799,240,19200
80,3,0.3,0.6,hffd,1,1,-0.0108067544311438,0.3075136789993848,240,19200
80,3,0.3,0.6,hffd,2,1,-0.0121090443433331,0.3159024670021608,240,19200
80,3,0.3,0.6,hffd_nadav,0,1,-0.0245427749602384,0.0108765559998573,240,19200
80,3,0.3,0.6,hffd_nadav,1,1,-0.0365946930712368,0.0097033889906015,240,19200
80,3,0.3,0.6,hffd_nadav,2,1,-0.0344901203978622,0.0090414030128158,240,19200
80,3,0.3,0.8,hffd,0,1,-0.0028459570871177,0.327724392991513,240,19200
80,3,0.3,0.8,hffd,1,1,-0.0114008753982943,0.3387613459926797,240,19200
80,3,0.3,0.8,hffd,2,1,-0.0276220911347593,0.345199542993214,240,19200
80,3,0.3,0.8,hffd_nadav,0,1,-0.0064403991217432,0.0087951280002016,240,19200
80,3,0.3,0.8,hffd_nadav,1,1,-0.0268612619225621,0.0101941469911253,240,19200
80,3,0.3,0.8,hffd_nadav,2,1,-0.0799609263770264,0.010110588002135,240,19200
80,3,0.3,1.0,hffd,0,1,-0.0553905041119549,0.3160305519995745,240,19200
80,3,0.3,1.0,hffd,1,1,-0.0027047608520831,0.3139772019931115,240,19200
80,3,0.3,1.0,hffd,2,1,-0.002036787034882,0.3099323540081968,240,19200
80,3,0.3,1.0,hffd_nadav,0,1,-0.0925194986894837,0.0089571050048107,240,19200
80,3,0.3,1.0,hffd_nadav,1,1,-0.0001984192702479,0.0093864660011604,240,19200
80,3,0.3,1.0,hffd_nadav,2,1,-0.0014411413431503,0.0088723309891065,240,19200
80,3,0.3,1.2,hffd,0,1,-0.0368800325183542,0.3428504289913689,240,19200
80,3,0.3,1.2,hffd,1,1,-0.0099023639132838,0.3348848500027088,240,19200
80,3,0.3,1.2,hffd,2,1,-0.0787916120226839,0.3314234400022542,240,19200
80,3,0.3,1.2,hffd_nadav,0,1,-0.0047665257034452,0.0084843799995724,240,19200
80,3,0.3,1.2,hffd_nadav,1,1,-0.0285636983910819,0.0089703549892874,240,19200
80,3,0.3,1.2,hffd_nadav,2,1,-0.0138630671635269,0.0103371209988836,240,19200
80,3,0.6,0.6,hffd,0,1,-0.0180455232617475,0.3272988020034972,240,19200
80,3,0.6,0.6,hffd,1,1,-0.0197314786050242,0.3283000090013956,240,19200
80,3,0.6,0.6,hffd,2,1,-0.0011674097654577,0.311331518998486,240,19200
80,3,0.6,0.6,hffd_nadav,0,1,-0.0881635805749851,0.0089634699979797,240,19200
80,3,0.6,0.6,hffd_nadav,1,1,-0.0507848698007222,0.0083158539928263,240,19200
80,3,0.6,0.6,hffd_nadav,2,1,-0.0258071749773023,0.0096905380050884,240,19200
80,3,0.6,0.8,hffd,0,1,-0.0059922587819585,0.3210102930024732,240,19200
80,3,0.6,0.8,hffd,1,1,-0.0061253065750861,0.3231626649940153,240,19200
80,3,0.6,0.8,hffd,2,1,-0.0266313479531561,0.3265431809995789,240,19200
80,3,0.6,0.8,hffd_nadav,0,1,-0.0010026065903332,0.0092029469960834,240,19200
80,3,0.6,0.8,hffd_nadav,1,1,-0.0265710162639152,0.009699037997052,240,19200
80,3,0.6,0.8,hffd_nadav,2,1,-0.0175046506608111,0.0099241400021128,240,19200
80,3,0.6,1.0,hffd,0,1,-0.066904237679779,0.3143307380087208,240,19200
80,3,0.6,1.0,hffd,1,1,-0.056844172336639,0.333071564004058,240,19200
80,3,0.6,1.0,hffd,2,1,-0.004807310580503,0.3156955870072124,240,19200
80,3,0.6,1.0,hffd_nadav,0,1,-0.0142078435735299,0.0081286789936712,240,19200
80,3,0.6,1.0,hffd_nadav,1,1,-0.0036994626821069,0.007954378001159,240,19200
80,3,0.6,1.0,hffd_nadav,2,1,-0.0538759239908017,0.0085368459986057,240,19200
80,3,0.6,1.2,hffd,0,1,-0.0528706717694262,0.3510036929947091,240,19200
80,3,0.6,1.2,hffd,1,1,-0.0858184301487199,0.3194416490005096,240,19200
80,3,0.6,1.2,hffd,2,1,-0.0025569852610374,0.3115672209969489,240,19200
80,3,0.6,1.2,hffd_nadav,0,1,-0.0549913883374983,0.0084937939973315,240,19200
80,3,0.6,1.2,hffd_nadav,1,1,-0.0368883745213111,0.0079237059981096,240,19200
80,3,0.6,1.2,hffd_nadav,2,1,-0.0409050181429222,0.0089004750043386,240,19200
80,6,0.0,0.6,hffd,0,1,-0.6974999999999909,0.8042521250026766,480,38400
80,6,0.0,0.6,hffd,1,1,-0.3249999999999886,0.8201415210060077,480,38400
80,6,0.0,0.6,hffd,2,1,-0.0049999999999954,0.90899600800185,480,38400
80,6,0.0,0.6,hffd_nadav,0,1,-0.6974999999999909,0.0212497570028062,480,38400
80,6,0.0,0.6,hffd_nadav,1,1,-0.3249999999999886,0.0206503509980393,480,38400
80,6,0.0,0.6,hffd_nadav,2,1,-0.0049999999999954,0.0206045650120358,480,38400
80,6,0.0,0.8,hffd,0,1,-0.9300000000000068,0.9808625649893656,480,38400
80,6,0.0,0.8,hffd,1,1,-0.1000000000000227,0.9391007630038076,480,38400
80,6,0.0,0.8,hffd,2,1,-0.3400000000000318,0.9272815930016804,480,38400
80,6,0.0,0.8,hffd_nadav,0,1,-0.9300000000000068,0.0193536699953256,480,38400
80,6,0.0,0.8,hffd_nadav,1,1,-0.1000000000000227,0.0191527400020277,480,38400
80,6,0.0,0.8,hffd_nadav,2,1,-0.3400000000000318,0.0192629259981913,480,38400
80,6,0.0,1.0,hffd,0,1,-0.1625000000000227,0.954636661001132,480,38400
80,6,0.0,1.0,hffd,1,1,-0.875,0.9869129629951204,480,38400
80,6,0.0,1.0,hffd,2,1,-0.6750000000000114,0.968852143996628,480,38400
80,6,0.0,1.0,hffd_nadav,0,1,-0.1625000000000227,0.0190525660000275,480,38400
80,6,0.0,1.0,hffd_nadav,1,1,-0.875,0.0192199759912909,480,38400
80,6,0.0,1.0,hffd_nadav,2,1,-0.6750000000000114,0.0181620690127601,480,38400
80,6,0.0,1.2,hffd,0,1,-0.3949999999999818,1.0225437839981169,480,38400
80,6,0.0,1.2,hffd,1,1,-0.6499999999999773,1.012190862005809,480,38400
80,6,0.0,1.2,hffd,2,1,-0.0099999999999909,1.0247825190017466,480,38400
80,6,0.0,1.2,hffd_nadav,0,1,-0.3949999999999818,0.018175880992203,480,38400
80,6,0.0,1.2,hffd_nadav,1,1,-0.6499999999999773,0.0183371029997942,480,38400
80,6,0.0,1.2,hffd_nadav,2,1,-0.0099999999999909,0.0182279260043287,480,38400
80,6,0.1,0.6,hffd,0,1,-0.012671812807639,0.8342583460034803,480,38400
80,6,0.1,0.6,hffd,1,1,-0.008781719885178,0.8392926109954715,480,38400
80,6,0.1,0.6,hffd,2,1,-0.0092258353249405,0.8863042050070362,480,38400
80,6,0.1,0.6,hffd_nadav,0,1,-0.005408977110477,0.023091667011613,480,38400
80,6,0.1,0.6,hffd_nadav,1,1,-0.0064637149082216,0.020447379007237,480,38400
80,6,0.1,0.6,hffd_nadav,2,1,-0.0051989072122182,0.0238876810035435,480,38400
80,6,0.1,0.8,hffd,0,1,-0.0077080733551611,0.9263006879918976,480,38400
80,6,0.1,0.8,hffd,1,1,-0.0003076046847922,0.9096183860092424,480,38400
80,6,0.1,0.8,hffd,2,1,-0.0039601104492703,0.953293457001564,480,38400
80,6,0.1,0.8,hffd_nadav,0,1,-0.0233822060023385,0.0186741539946524,480,38400
80,6,0.1,0.8,hffd_nadav,1,1,-0.0059953066416369,0.0195305020024534,480,38400
80,6,0.1,0.8,hffd_nadav,2,1,-0.007050721661642,0.0215055409935303,480,38400
80,6,0.1,1.0,hffd,0,1,-0.0293641097390491,0.9894101609970676,480,38400
80,6,0.1,1.0,hffd,1,1,-0.0209319125486331,0.9789952680002898,480,38400
80,6,0.1,1.0,hffd,2,1,-0.0016304140167449,0.9580839439877308,480,38400
80,6,0.1,1.0,hffd_nadav,0,1,-0.0071568758278885,0.0204105129960225,480,38400
80,6,0.1,1.0,hffd_nadav,1,1,-0.003323588277226,0.0187458360014716,480,38400
80,6,0.1,1.0,hffd_nadav,2,1,-0.0139873734649995,0.0185186059970874,480,38400
80,6,0.1,1.2,hffd,0,1,-0.0151949162844857,1.0508364090055693,480,38400
80,6,0.1,1.2,hffd,1,1,-0.0086284554226949,1.0232890980114462,480,38400
80,6,0.1,1.2,hffd,2,1,-0.0055616824292314,1.0063136160024442,480,38400
80,6,0.1,1.2,hffd_nadav,0,1,-0.0125059203960518,0.050488029999542,480,38400
80,6,0.1,1.2,hffd_nadav,1,1,-0.0022228997736988,0.0190978809987427,480,38400
80,6,0.1,1.2,hffd_nadav,2,1,-0.0015765912342544,0.0181182450032793,480,38400
80,6,0.3,0.6,hffd,0,1,-0.0371780312842702,0.9211384379887022,480,38400
80,6,0.3,0.6,hffd,1,1,-0.0056725412236176,0.9058209500071824,480,38400
80,6,0.3,0.6,hffd,2,1,-0.0289393290913437,0.92585024399159,480,38400
80,6,0.3,0.6,hffd_nadav,0,1,-0.0117127163595682,0.0197407300001941,480,38400
80,6,0.3,0.6,hffd_nadav,1,1,-0.0050815505469188,0.0209539140050765,480,38400
80,6,0.3,0.6,hffd_nadav,2,1,-0.0006541698175226,0.0182854089944157,480,38400
80,6,0.3,0.8,hffd,0,1,-0.0268945870153629,0.9889924570015864,480,38400
80,6,0.3,0.8,hffd,1,1,-0.0114121833556168,0.941437681001844,480,38400
80,6,0.3,0.8,hffd,2,1,-0.0204806187066992,0.9549985260091488,480,38400
80,6,0.3,0.8,hffd_nadav,0,1,-0.0019275032162795,0.0184789600025396,480,38400
80,6,0.3,0.8,hffd_nadav,1,1,-0.0038475443078596,0.0189204330090433,480,38400
80,6,0.3,0.8,hffd_nadav,2,1,-0.0340057571514194,0.0204870419984217,480,38400
80,6,0.3,1.0,hffd,0,1,-0.0421888391555853,0.9978143840125996,480,38400
80,6,0.3,1.0,hffd,1,1,-0.0015091750079818,1.0015549100062344,480,38400
80,6,0.3,1.0,hffd,2,1,-0.0043877627261963,1.0087528779986314,480,38400
80,6,0.3,1.0,hffd_nadav,0,1,-0.00331333241121,0.0189540779974777,480,38400
80,6,0.3,1.0,hffd_nadav,1,1,-0.0059078440482949,0.017834219004726,480,38400
80,6,0.3,1.0,hffd_nadav,2,1,-0.072239521636618,0.0209340730070834,480,38400
80,6,0.3,1.2,hffd,0,1,-0.0321399081450408,1.0236267919972306,480,38400
80,6,0.3,1.2,hffd,1,1,-0.0422303832713168,1.0148592670011567,480,38400
80,6,0.3,1.2,hffd,2,1,-0.0388807968440119,1.028578062003362,480,38400
80,6,0.3,1.2,hffd_nadav,0,1,-0.0375805055014097,0.0199967270018532,480,38400
80,6,0.3,1.2,hffd_nadav,1,1,-0.0210751126827517,0.0180709909909637,480,38400
80,6,0.3,1.2,hffd_nadav,2,1,-0.0225434964636974,0.0215667120064608,480,38400
80,6,0.6,0.6,hffd,0,1,-0.0140101456188119,0.9906295870023314,480,38400
80,6,0.6,0.6,hffd,1,1,-0.0036486562200082,1.0075234560063109,480,38400
80,6,0.6,0.6,hffd,2,1,-0.0071234374705682,0.9717939429974648,480,38400
80,6,0.6,0.6,hffd_nadav,0,1,-0.0168885637999949,0.0237242009898182,480,38400
80,6,0.6,0.6,hffd_nadav,1,1,-0.0374084256116304,0.020664415002102,480,38400
80,6,0.6,0.6,hffd_nadav,2,1,-0.0033084234270575,0.020504993997747,480,38400
80,6,0.6,0.8,hffd,0,1,-0.0116531665221941,1.0158624219911871,480,38400
80,6,0.6,0.8,hffd,1,1,-0.0355823881061496,0.9850051770044956,480,38400
80,6,0.6,0.8,hffd,2,1,-0.0026475685614286,1.0117134180036371,480,38400
80,6,0.6,0.8,hffd_nadav,0,1,-0.0173903219587714,0.018289409999852,480,38400
80,6,0.6,0.8,hffd_nadav,1,1,-0.0118852536433564,0.0189640699973097,480,38400
80,6,0.6,0.8,hffd_nadav,2,1,-0.0120508983549143,0.0179276770068099,480,38400
80,6,0.6,1.0,hffd,0,1,-0.017864816378335,1.0342273879941786,480,38400
80,6,0.6,1.0,hffd,1,1,-0.0135446098692568,1.014717338999617,480,38400
80,6,0.6,1.0,hffd,2,1,-0.0427887485066662,1.0199414779926883,480,38400
80,6,0.6,1.0,hffd_nadav,0,1,-0.0192537286084757,0.0186282450013095,480,38400
80,6,0.6,1.0,hffd_nadav,1,1,-0.0123691834433543,0.0189626299979863,480,38400
80,6,0.6,1.0,hffd_nadav,2,1,-0.037703390514423,0.017832953002653,480,38400
80,6,0.6,1.2,hffd,0,1,-0.0322923473361242,1.0413110959925689,480,38400
80,6,0.6,1.2,hffd,1,1,-0.0558099487692516,1.0522206570021808,480,38400
80,6,0.6,1.2,hffd,2,1,-0.0085436422296538,0.9992871309950716,480,38400
80,6,0.6,1.2,hffd_nadav,0,1,-0.0112162987120996,0.0198016310023376,480,38400
80,6,0.6,1.2,hffd_nadav,1,1,-0.0298864616880791,0.0172877430013613,480,38400
80,6,0.6,1.2,hffd_nadav,2,1,-0.0160905554496935,0.02295163400413,480,38400
80,12,0.0,0.6,hffd,0,1,-0.5249999999999773,2.352393420005683,960,76800
80,12,0.0,0.6,hffd,1,1,-0.1474999999999795,2.3733193749940256,960,76800
80,12,0.0,0.6,hffd,2,1,-0.9149999999999636,2.368942254994181,960,76800
80,12,0.0,0.6,hffd_nadav,0,1,-0.5249999999999773,0.0383234039909439,960,76800
80,12,0.0,0.6,hffd_nadav,1,1,-0.1474999999999795,0.0377465580095304,960,76800
80,12,0.0,0.6,hffd_nadav,2,1,-0.9149999999999636,0.0381905879912665,960,76800
80,12,0.0,0.8,hffd,0,1,-0.7000000000000455,2.757316571995034,960,76800
80,12,0.0,0.8,hffd,1,1,-0.5299999999999727,2.724484616002883,960,76800
80,12,0.0,0.8,hffd,2,1,-0.2200000000000272,2.8603295579960104,960,76800
80,12,0.0,0.8,hffd_nadav,0,1,-0.7000000000000455,0.0380160019994946,960,76800
80,12,0.0,0.8,hffd_nadav,1,1,-0.5299999999999727,0.0405559679929865,960,76800
80,12,0.0,0.8,hffd_nadav,2,1,-0.2200000000000272,0.0417782489967066,960,76800
80,12,0.0,1.0,hffd,0,1,-0.875,3.0620440000056988,960,76800
80,12,0.0,1.0,hffd,1,1,-0.9125000000000228,3.105802781006787,960,76800
80,12,0.0,1.0,hffd,2,1,-0.5249999999999773,3.0780641160090454,960,76800
80,12,0.0,1.0,hffd_nadav,0,1,-0.875,0.0413865349983098,960,76800
80,12,0.0,1.0,hffd_nadav,1,1,-0.9125000000000228,0.0396161259996006,960,76800
80,12,0.0,1.0,hffd_nadav,2,1,-0.5249999999999773,0.040383669998846,960,76800
80,12,0.0,1.2,hffd,0,1,-0.0499999999999545,3.231009590992471,960,76800
80,12,0.0,1.2,hffd,1,1,-0.2949999999999591,3.242778140003793,960,76800
80,12,0.0,1.2,hffd,2,1,-0.8299999999999272,3.292231920000632,960,76800
80,12,0.0,1.2,hffd_nadav,0,1,-0.0499999999999545,0.0375930400041397,960,76800
80,12,0.0,1.2,hffd_nadav,1,1,-0.2949999999999591,0.0374778940022224,960,76800
80,12,0.0,1.2,hffd_nadav,2,1,-0.8299999999999272,0.0367420670081628,960,76800
80,12,0.1,0.6,hffd,0,1,-0.0195317032096795,2.425850274012191,960,76800
80,12,0.1,0.6,hffd,1,1,-0.0071554273895344,2.3503975580097176,960,76800
80,12,0.1,0.6,hffd,2,1,-0.021280979744688,2.426964451005915,960,76800
80,12,0.1,0.6,hffd_nadav,0,1,-0.0019391930290453,0.0390892540017375,960,76800
80,12,0.1,0.6,hffd_nadav,1,1,-0.0154664603596756,0.0388588430068921,960,76800
80,12,0.1,0.6,hffd_nadav,2,1,-0.0034324859104231,0.0414474400022299,960,76800
80,12,0.1,0.8,hffd,0,1,-0.0160837799430737,2.818596946002799,960,76800
80,12,0.1,0.8,hffd,1,1,-0.014887125949599,2.7196852549968757,960,76800
80,12,0.1,0.8,hffd,2,1,-0.004920848507254,2.7337158339942107,960,76800
80,12,0.1,0.8,hffd_nadav,0,1,-0.0053393250308317,0.0366413029987597,960,76800
80,12,0.1,0.8,hffd_nadav,1,1,-0.033292612614673,0.0404061739973258,960,76800
80,12,0.1,0.8,hffd_nadav,2,1,-0.0059853225172901,0.0393984749971423,960,76800
80,12,0.1,1.0,hffd,0,1,-0.0050673577108,3.035185225991881,960,76800
80,12,0.1,1.0,hffd,1,1,-0.0120281823823233,3.1193620230042143,960,76800
80,12,0.1,1.0,hffd,2,1,-0.0072785699078394,3.088408812996932,960,76800
80,12,0.1,1.0,hffd_nadav,0,1,-0.0055282196964299,0.0388753019942669,960,76800
80,12,0.1,1.0,hffd_nadav,1,1,-0.0005881703438035,0.0383337989915162,960,76800
80,12,0.1,1.0,hffd_nadav,2,1,-0.0006298818950654,0.0373677879979368,960,76800
80,12,0.1,1.2,hffd,0,1,-0.0066431730647309,3.248598416990717,960,76800
80,12,0.1,1.2,hffd,1,1,-0.0013445440966961,3.267194180007209,960,76800
80,12,0.1,1.2,hffd,2,1,-0.0008781305356251,3.2920301069971174,960,76800
80,12,0.1,1.2,hffd_nadav,0,1,-0.0022282485166442,0.0427297379937954,960,76800
80,12,0.1,1.2,hffd_nadav,1,1,-0.0067386381504093,0.0387633670034119,960,76800
80,12,0.1,1.2,hffd_nadav,2,1,-0.0059302044204514,0.0468506040051579,960,76800
80,12,0.3,0.6,hffd,0,1,-0.0212019618999761,2.651800356004969,960,76800
80,12,0.3,0.6,hffd,1,1,-0.0012071439504666,2.619564884007559,960,76800
80,12,0.3,0.6,hffd,2,1,-0.00344670148462,2.667695732001448,960,76800
80,12,0.3,0.6,hffd_nadav,0,1,-0.0035379805084971,0.0386238299979595,960,76800
80,12,0.3,0.6,hffd_nadav,1,1,-0.0356553878125964,0.0403996750101214,960,76800
80,12,0.3,0.6,hffd_nadav,2,1,-0.0094686102794412,0.0406454250041861,960,76800
80,12,0.3,0.8,hffd,0,1,-0.0243409722799015,2.9791099229914835,960,76800
80,12,0.3,0.8,hffd,1,1,-0.0036977429305125,2.978828898994834,960,76800
80,12,0.3,0.8,hffd,2,1,-0.005740734136566,3.055118709002272,960,76800
80,12,0.3,0.8,hffd_nadav,0,1,-0.0367149199881851,0.0375180160044692,960,76800
80,12,0.3,0.8,hffd_nadav,1,1,-0.0006315490506949,0.0389164910011459,960,76800
80,12,0.3,0.8,hffd_nadav,2,1,-0.0199704702763483,0.0386051920067984,960,76800
80,12,0.3,1.0,hffd,0,1,-0.02122274692681,3.2129760069947224,960,76800
80,12,0.3,1.0,hffd,1,1,-0.0007532800163971,3.1851415260025533,960,76800
80,12,0.3,1.0,hffd,2,1,-0.0175685587179259,3.1981514880026225,960,76800
80,12,0.3,1.0,hffd_nadav,0,1,-0.0314756607734807,0.0373370529996464,960,76800
80,12,0.3,1.0,hffd_nadav,1,1,-0.003096887477568,0.0379759159986861,960,76800
80,12,0.3,1.0,hffd_nadav,2,1,-0.0298782152888179,0.0372261950105894,960,76800
80,12,0.3,1.2,hffd,0,1,-0.0234335250930826,3.3093955060030567,960,76800
80,12,0.3,1.2,hffd,1,1,-0.0378036294123376,3.397401047011954,960,76800
80,12,0.3,1.2,hffd,2,1,-0.0512327991734764,3.3495838179951534,960,76800
80,12,0.3,1.2,hffd_nadav,0,1,-0.0043064029886181,0.0359330639912514,960,76800
80,12,0.3,1.2,hffd_nadav,1,1,-0.0055316887118124,0.0390180490066995,960,76800
80,12,0.3,1.2,hffd_nadav,2,1,-0.0021411598294207,0.0399075320019619,960,76800
80,12,0.6,0.6,hffd,0,1,-0.0307846985874107,2.858025252004154,960,76800
80,12,0.6,0.6,hffd,1,1,-0.0035794229929138,2.901888980995864,960,76800
80,12,0.6,0.6,hffd,2,1,-0.0293488379703603,2.8983475839922903,960,76800
80,12,0.6,0.6,hffd_nadav,0,1,-0.01328478325496,0.0383314580103615,960,76800
80,12,0.6,0.6,hffd_nadav,1,1,-0.009640206499796,0.0387005849916022,960,76800
80,12,0.6,0.6,hffd_nadav,2,1,-0.0231143367234381,0.0380505679931957,960,76800
80,12,0.6,0.8,hffd,0,1,-0.0118098065285039,3.177074378996622,960,76800
80,12,0.6,0.8,hffd,1,1,-0.0086754955240166,3.190145594999194,960,76800
80,12,0.6,0.8,hffd,2,1,-0.0099648802537331,3.2066487109987065,960,76800
80,12,0.6,0.8,hffd_nadav,0,1,-0.0302506613199966,0.0378128059965092,960,76800
80,12,0.6,0.8,hffd_nadav,1,1,-0.0001790572021036,0.0382641699980013,960,76800
80,12,0.6,0.8,hffd_nadav,2,1,-0.0099225882788687,0.0384355850110296,960,76800
80,12,0.6,1.0,hffd,0,1,-0.0019287275005126,3.3995787469903007,960,76800
80,12,0.6,1.0,hffd,1,1,-0.0047335403125998,3.298146203000215,960,76800
80,12,0.6,1.0,hffd,2,1,-0.0099785060524482,3.437623673002236,960,76800
80,12,0.6,1.0,hffd_nadav,0,1,-0.0011244484126109,0.0396916549943853,960,76800
80,12,0.6,1.0,hffd_nadav,1,1,-0.0508019956251928,0.0387446219974663,960,76800
80,12,0.6,1.0,hffd_nadav,2,1,-0.0090806316281941,0.0393565209960797,960,76800
80,12,0.6,1.2,hffd,0,1,-0.0283443395829863,3.5092711159959435,960,76800
80,12,0.6,1.2,hffd,1,1,-0.0106014923338761,3.4072271670011105,960,76800
80,12,0.6,1.2,hffd,2,1,-0.0247932826101759,3.498875885008601,960,76800
80,12,0.6,1.2,hffd_nadav,0,1,-0.0166070026790521,0.0366813180007739,960,76800
80,12,0.6,1.2,hffd_nadav,1,1,-0.0079271859358414,0.0362530880083795,960,76800
80,12,0.6,1.2,hffd_nadav,2,1,-0.0155273206788706,0.0375746529898606,960,76800
