num_of_agents,items_per_agent,value_noise_ratio,alpha,algorithm,seed,success,max_overload,runtime
10,3,0.0,0.8,round_robin,0,0,inf,0.0010771809902507812
10,3,0.0,0.8,round_robin,1,0,inf,0.0002032369957305491
10,3,0.0,0.8,round_robin,2,0,inf,0.00019243000133428723
10,3,0.0,0.8,round_robin,3,0,inf,0.00021947799541521817
10,3,0.0,0.8,round_robin,4,0,inf,0.00026172200159635395
10,3,0.0,0.8,serial_dictatorship,0,0,inf,0.0002127170009771362
10,3,0.0,0.8,serial_dictatorship,1,0,inf,0.000202521012397483
10,3,0.0,0.8,serial_dictatorship,2,0,inf,0.0002721190103329718
10,3,0.0,0.8,serial_dictatorship,3,0,inf,0.00019435500144027174
10,3,0.0,0.8,serial_dictatorship,4,0,inf,0.0001765769993653521
10,3,0.0,0.8,hffd,0,1,-0.3199999999999932,0.0009549599926685914
10,3,0.0,0.8,hffd,1,1,-0.8800000000000239,0.001008908002404496
10,3,0.0,0.8,hffd,2,1,-0.3199999999999932,0.0017071220063371584
10,3,0.0,0.8,hffd,3,1,-0.44000000000001194,0.001072327999281697
10,3,0.0,0.8,hffd,4,1,-0.4399999999999977,0.0016597630019532517
10,3,0.0,1.0,round_robin,0,0,inf,0.00022847500804346055
10,3,0.0,1.0,round_robin,1,0,inf,0.0001961290108738467
10,3,0.0,1.0,round_robin,2,0,inf,0.0001767130015650764
10,3,0.0,1.0,round_robin,3,0,inf,0.0001892440050141886
10,3,0.0,1.0,round_robin,4,0,inf,0.0002586760092526674
10,3,0.0,1.0,serial_dictatorship,0,0,inf,0.00033711599826347083
10,3,0.0,1.0,serial_dictatorship,1,0,inf,0.00018634399748407304
10,3,0.0,1.0,serial_dictatorship,2,0,inf,0.0001762970059644431
10,3,0.0,1.0,serial_dictatorship,3,0,inf,0.0002045860019279644
10,3,0.0,1.0,serial_dictatorship,4,0,inf,0.00020626900368370116
10,3,0.0,1.0,hffd,0,1,-0.9000000000000057,0.0009594470029696822
10,3,0.0,1.0,hffd,1,1,-0.5999999999999943,0.0012032339873258024
10,3,0.0,1.0,hffd,2,1,-0.9000000000000057,0.0010472629946889356
10,3,0.0,1.0,hffd,3,1,-0.8000000000000114,0.0010782329918583855
10,3,0.0,1.0,hffd,4,1,-0.30000000000001137,0.0009808210015762597
10,3,0.0,1.2,round_robin,0,0,inf,0.00020742999913636595
10,3,0.0,1.2,round_robin,1,0,inf,0.00032511301105841994
10,3,0.0,1.2,round_robin,2,0,inf,0.00016938900807872415
10,3,0.0,1.2,round_robin,3,0,inf,0.000200762995518744
10,3,0.0,1.2,round_robin,4,0,inf,0.0001979469961952418
10,3,0.0,1.2,serial_dictatorship,0,0,inf,0.0001634130021557212
10,3,0.0,1.2,serial_dictatorship,1,0,inf,0.0001867989922175184
10,3,0.0,1.2,serial_dictatorship,2,0,inf,0.00021164800273254514
10,3,0.0,1.2,serial_dictatorship,3,0,inf,0.00017476400535088032
10,3,0.0,1.2,serial_dictatorship,4,0,inf,0.0001731730008032173
10,3,0.0,1.2,hffd,0,1,-0.47999999999996135,0.001101215006201528
10,3,0.0,1.2,hffd,1,1,-0.3199999999999932,0.0010916759929386899
10,3,0.0,1.2,hffd,2,1,-0.47999999999998977,0.0010761760058812797
10,3,0.0,1.2,hffd,3,1,-0.1599999999999966,0.0011852000025101006
10,3,0.0,1.2,hffd,4,1,-1.1599999999999966,0.0019415569986449555
10,3,0.3,0.8,round_robin,0,0,inf,0.00020628499623853713
10,3,0.3,0.8,round_robin,1,0,inf,0.00020530300389509648
10,3,0.3,0.8,round_robin,2,0,inf,0.00042583800677675754
10,3,0.3,0.8,round_robin,3,0,inf,0.00020283299090806395
10,3,0.3,0.8,round_robin,4,0,inf,0.00019744300516322255
10,3,0.3,0.8,serial_dictatorship,0,0,inf,0.00020280799071770161
10,3,0.3,0.8,serial_dictatorship,1,0,inf,0.00018581599579192698
10,3,0.3,0.8,serial_dictatorship,2,0,inf,0.000179484995896928
10,3,0.3,0.8,serial_dictatorship,3,0,inf,0.0002877449878724292
10,3,0.3,0.8,serial_dictatorship,4,0,inf,0.00017180500435642898
10,3,0.3,0.8,hffd,0,1,-0.7278908399084116,0.0019810219964710996
10,3,0.3,0.8,hffd,1,1,-0.2665571807133347,0.0017086890002246946
10,3,0.3,0.8,hffd,2,1,-0.2023428985100395,0.0014596779947169125
10,3,0.3,0.8,hffd,3,1,-0.4310677629470945,0.001651385988225229
10,3,0.3,0.8,hffd,4,1,-0.0017229023872573634,0.0011232959950575605
10,3,0.3,1.0,round_robin,0,0,inf,0.00018131599063053727
10,3,0.3,1.0,round_robin,1,0,inf,0.00017600800492800772
10,3,0.3,1.0,round_robin,2,0,inf,0.0001600419927854091
10,3,0.3,1.0,round_robin,3,0,inf,0.00020121398847550154
10,3,0.3,1.0,round_robin,4,0,inf,0.0001780599995981902
10,3,0.3,1.0,serial_dictatorship,0,0,inf,0.0002111610083375126
10,3,0.3,1.0,serial_dictatorship,1,0,inf,0.000201212998945266
10,3,0.3,1.0,serial_dictatorship,2,0,inf,0.00026301700563635677
10,3,0.3,1.0,serial_dictatorship,3,0,inf,0.00018682799418456852
10,3,0.3,1.0,serial_dictatorship,4,0,inf,0.0002762770018307492
10,3,0.3,1.0,hffd,0,1,-0.004405177174930941,0.0010855720029212534
10,3,0.3,1.0,hffd,1,1,-0.1538098065810516,0.0011063030106015503
10,3,0.3,1.0,hffd,2,1,-0.7459744162086679,0.000995463997242041
10,3,0.3,1.0,hffd,3,1,-0.575893008371537,0.0011399439972592518
10,3,0.3,1.0,hffd,4,1,-1.4299679944375612,0.0009888360073091462
10,3,0.3,1.2,round_robin,0,0,inf,0.00019879100727848709
10,3,0.3,1.2,round_robin,1,0,inf,0.00018475399701856077
10,3,0.3,1.2,round_robin,2,0,inf,0.00019353900279384106
10,3,0.3,1.2,round_robin,3,0,inf,0.00020127600873820484
10,3,0.3,1.2,round_robin,4,0,inf,0.00019334799435455352
10,3,0.3,1.2,serial_dictatorship,0,0,inf,0.00018537598953116685
10,3,0.3,1.2,serial_dictatorship,1,0,inf,0.00019193299522157758
10,3,0.3,1.2,serial_dictatorship,2,0,inf,0.0001810510002542287
10,3,0.3,1.2,serial_dictatorship,3,0,inf,0.00021823499992024153
10,3,0.3,1.2,serial_dictatorship,4,0,inf,0.00017661099263932556
10,3,0.3,1.2,hffd,0,1,-0.1923307290884395,0.0018545210041338578
10,3,0.3,1.2,hffd,1,1,-0.39900839572101177,0.0014212600071914494
10,3,0.3,1.2,hffd,2,1,-0.13826235211706717,0.0012040919973514974
10,3,0.3,1.2,hffd,3,1,-0.29680615592377535,0.0013751759979641065
10,3,0.3,1.2,hffd,4,1,-0.4509027304958124,0.001135140992118977
10,6,0.0,0.8,round_robin,0,0,inf,0.000180286995600909
10,6,0.0,0.8,round_robin,1,0,inf,0.00021411299530882388
10,6,0.0,0.8,round_robin,2,0,inf,0.00021255500905681401
10,6,0.0,0.8,round_robin,3,0,inf,0.0002068579924525693
10,6,0.0,0.8,round_robin,4,0,inf,0.00031475600553676486
10,6,0.0,0.8,serial_dictatorship,0,0,inf,0.0001871959975687787
10,6,0.0,0.8,serial_dictatorship,1,0,inf,0.0001936859916895628
10,6,0.0,0.8,serial_dictatorship,2,0,inf,0.00021223801013547927
10,6,0.0,0.8,serial_dictatorship,3,0,inf,0.00017446100537199527
10,6,0.0,0.8,serial_dictatorship,4,0,inf,0.00034102200879715383
10,6,0.0,0.8,hffd,0,1,-0.32000000000005,0.0025669530004961416
10,6,0.0,0.8,hffd,1,1,-0.7600000000000477,0.0022884820064064115
10,6,0.0,0.8,hffd,2,1,-0.28000000000002956,0.00243864901131019
10,6,0.0,0.8,hffd,3,1,-0.5999999999999943,0.002274896003655158
10,6,0.0,0.8,hffd,4,1,-0.9200000000000159,0.00212772999657318
10,6,0.0,1.0,round_robin,0,0,inf,0.00018504301260691136
10,6,0.0,1.0,round_robin,1,0,inf,0.00019235799845773727
10,6,0.0,1.0,round_robin,2,0,inf,0.00018788399756886065
10,6,0.0,1.0,round_robin,3,0,inf,0.0001717510021990165
10,6,0.0,1.0,round_robin,4,0,inf,0.00020090400357730687
10,6,0.0,1.0,serial_dictatorship,0,0,inf,0.0002544489980209619
10,6,0.0,1.0,serial_dictatorship,1,0,inf,0.0001908370031742379
10,6,0.0,1.0,serial_dictatorship,2,0,inf,0.00020807200053241104
10,6,0.0,1.0,serial_dictatorship,3,0,inf,0.00023844800307415426
10,6,0.0,1.0,serial_dictatorship,4,0,inf,0.00019255699589848518
10,6,0.0,1.0,hffd,0,1,-0.39999999999997726,0.0021806799923069775
10,6,0.0,1.0,hffd,1,1,-0.19999999999998863,0.0023789630067767575
10,6,0.0,1.0,hffd,2,1,-0.10000000000002274,0.002560922992415726
10,6,0.0,1.0,hffd,3,1,-0.5,0.0025505400117253885
10,6,0.0,1.0,hffd,4,1,-0.8999999999999773,0.0024829400063026696
10,6,0.0,1.2,round_robin,0,0,inf,0.00020314099674578756
10,6,0.0,1.2,round_robin,1,0,inf,0.0001792010007193312
10,6,0.0,1.2,round_robin,2,0,inf,0.00038419199700001627
10,6,0.0,1.2,round_robin,3,0,inf,0.00021833500068169087
10,6,0.0,1.2,round_robin,4,0,inf,0.00018943600298371166
10,6,0.0,1.2,serial_dictatorship,0,0,inf,0.0001797989971237257
10,6,0.0,1.2,serial_dictatorship,1,0,inf,0.0001872709981398657
10,6,0.0,1.2,serial_dictatorship,2,0,inf,0.00020302899065427482
10,6,0.0,1.2,serial_dictatorship,3,0,inf,0.0003462509921519086
10,6,0.0,1.2,serial_dictatorship,4,0,inf,0.00022711600468028337
10,6,0.0,1.2,hffd,0,1,-0.47999999999996135,0.0023145949962781742
10,6,0.0,1.2,hffd,1,1,-0.6399999999999864,0.0023864989925641567
10,6,0.0,1.2,hffd,2,1,-0.9199999999999591,0.0022607010032515973
10,6,0.0,1.2,hffd,3,1,-0.39999999999997726,0.0021522180031752214
10,6,0.0,1.2,hffd,4,1,-0.8799999999999955,0.0023190479987533763
10,6,0.3,0.8,round_robin,0,0,inf,0.00020228100765962154
10,6,0.3,0.8,round_robin,1,0,inf,0.00021083799947518855
10,6,0.3,0.8,round_robin,2,0,inf,0.0002019480016315356
10,6,0.3,0.8,round_robin,3,0,inf,0.0002013729972532019
10,6,0.3,0.8,round_robin,4,0,inf,0.0001921319926623255
10,6,0.3,0.8,serial_dictatorship,0,0,inf,0.00021712300076615065
10,6,0.3,0.8,serial_dictatorship,1,0,inf,0.0002113699883921072
10,6,0.3,0.8,serial_dictatorship,2,0,inf,0.00026319699827581644
10,6,0.3,0.8,serial_dictatorship,3,0,inf,0.00019137500203214586
10,6,0.3,0.8,serial_dictatorship,4,0,inf,0.00023046700516715646
10,6,0.3,0.8,hffd,0,1,-0.12760434952679134,0.0024652809952385724
10,6,0.3,0.8,hffd,1,1,-0.731849662276943,0.0045531799987656996
10,6,0.3,0.8,hffd,2,1,-0.6658991385598938,0.0025987449917010963
10,6,0.3,0.8,hffd,3,1,-0.40183679945187123,0.002318918996024877
10,6,0.3,0.8,hffd,4,1,-0.3732499835900853,0.002434608992189169
10,6,0.3,1.0,round_robin,0,0,inf,0.00018924799223896116
10,6,0.3,1.0,round_robin,1,0,inf,0.0002227829972980544
10,6,0.3,1.0,round_robin,2,0,inf,0.0002606110065244138
10,6,0.3,1.0,round_robin,3,0,inf,0.00022294899099506438
10,6,0.3,1.0,round_robin,4,0,inf,0.0002108490007231012
10,6,0.3,1.0,serial_dictatorship,0,0,inf,0.0001976530038518831
10,6,0.3,1.0,serial_dictatorship,1,0,inf,0.00018031599756795913
10,6,0.3,1.0,serial_dictatorship,2,0,inf,0.0002995489921886474
10,6,0.3,1.0,serial_dictatorship,3,0,inf,0.00024026799655985087
10,6,0.3,1.0,serial_dictatorship,4,0,inf,0.00018476600234862417
10,6,0.3,1.0,hffd,0,1,-0.10935098204794258,0.002328653004951775
10,6,0.3,1.0,hffd,1,1,-0.9670907138673215,0.002303026005392894
10,6,0.3,1.0,hffd,2,1,-0.06548025679080638,0.0023544439900433645
10,6,0.3,1.0,hffd,3,1,-0.7646334103441177,0.002427867002552375
10,6,0.3,1.0,hffd,4,1,-1.3525367431686277,0.0023589990014443174
10,6,0.3,1.2,round_robin,0,0,inf,0.00022607999562751502
10,6,0.3,1.2,round_robin,1,0,inf,0.0002344310050830245
10,6,0.3,1.2,round_robin,2,0,inf,0.00020308300736360252
10,6,0.3,1.2,round_robin,3,0,inf,0.00018683999951463193
10,6,0.3,1.2,round_robin,4,0,inf,0.00032257300335913897
10,6,0.3,1.2,serial_dictatorship,0,0,inf,0.0002370910078752786
10,6,0.3,1.2,serial_dictatorship,1,0,inf,0.00019890899420715868
10,6,0.3,1.2,serial_dictatorship,2,0,inf,0.00024545199994463474
10,6,0.3,1.2,serial_dictatorship,3,0,inf,0.00025991299480665475
10,6,0.3,1.2,serial_dictatorship,4,0,inf,0.00021723700047004968
10,6,0.3,1.2,hffd,0,1,-0.9510545252952625,0.002234801009763032
10,6,0.3,1.2,hffd,1,1,-0.3332824460012489,0.0022480420011561364
10,6,0.3,1.2,hffd,2,1,-2.119698405837994,0.0025793709937715903
10,6,0.3,1.2,hffd,3,1,-0.08078188245411866,0.002408326996373944
10,6,0.3,1.2,hffd,4,1,-0.25897692793842,0.0022112219885457307
20,3,0.0,0.8,round_robin,0,0,inf,0.00027196400333195925
20,3,0.0,0.8,round_robin,1,0,inf,0.00018841899873223156
20,3,0.0,0.8,round_robin,2,0,inf,0.0002985620085382834
20,3,0.0,0.8,round_robin,3,0,inf,0.00022027200611773878
20,3,0.0,0.8,round_robin,4,0,inf,0.000878460006788373
20,3,0.0,0.8,serial_dictatorship,0,0,inf,0.00022180299856700003
20,3,0.0,0.8,serial_dictatorship,1,0,inf,0.0002068089961539954
20,3,0.0,0.8,serial_dictatorship,2,0,inf,0.00024223900982178748
20,3,0.0,0.8,serial_dictatorship,3,0,inf,0.00021986200590617955
20,3,0.0,0.8,serial_dictatorship,4,0,inf,0.00026972900377586484
20,3,0.0,0.8,hffd,0,1,-0.160000000000025,0.0055258310021599755
20,3,0.0,0.8,hffd,1,1,-0.8800000000000239,0.006381048006005585
20,3,0.0,0.8,hffd,2,1,-0.6400000000000148,0.006444523998652585
20,3,0.0,0.8,hffd,3,1,-0.7999999999999972,0.0056031580024864525
20,3,0.0,0.8,hffd,4,1,-0.960000000000008,0.005359773989766836
20,3,0.0,1.0,round_robin,0,0,inf,0.00020293699344620109
20,3,0.0,1.0,round_robin,1,0,inf,0.00022129299759399146
20,3,0.0,1.0,round_robin,2,0,inf,0.00022283600992523134
20,3,0.0,1.0,round_robin,3,0,inf,0.00020699600281659514
20,3,0.0,1.0,round_robin,4,0,inf,0.00022204099514055997
20,3,0.0,1.0,serial_dictatorship,0,0,inf,0.00020430200675036758
20,3,0.0,1.0,serial_dictatorship,1,0,inf,0.00020912601030431688
20,3,0.0,1.0,serial_dictatorship,2,0,inf,0.00021624400687869638
20,3,0.0,1.0,serial_dictatorship,3,0,inf,0.00020024299737997353
20,3,0.0,1.0,serial_dictatorship,4,0,inf,0.00018510200607124716
20,3,0.0,1.0,hffd,0,1,-0.19999999999998863,0.005660091002937406
20,3,0.0,1.0,hffd,1,1,-0.5999999999999943,0.005560820995015092
20,3,0.0,1.0,hffd,2,1,-0.05000000000001137,0.006928532005986199
20,3,0.0,1.0,hffd,3,1,-0.25,0.005755078993388452
20,3,0.0,1.0,hffd,4,1,-0.9499999999999886,0.006197918992256746
20,3,0.0,1.2,round_robin,0,0,inf,0.0002324759989278391
20,3,0.0,1.2,round_robin,1,0,inf,0.00025523400108795613
20,3,0.0,1.2,round_robin,2,0,inf,0.0002179669972974807
20,3,0.0,1.2,round_robin,3,0,inf,0.00021899900457356125
20,3,0.0,1.2,round_robin,4,0,inf,0.00020654000400099903
20,3,0.0,1.2,serial_dictatorship,0,0,inf,0.0001997600047616288
20,3,0.0,1.2,serial_dictatorship,1,0,inf,0.0003522509941831231
20,3,0.0,1.2,serial_dictatorship,2,0,inf,0.0002221910108346492
20,3,0.0,1.2,serial_dictatorship,3,0,inf,0.00023365400556940585
20,3,0.0,1.2,serial_dictatorship,4,0,inf,0.00021194599685259163
20,3,0.0,1.2,hffd,0,1,-0.23999999999998067,0.005512551011634059
20,3,0.0,1.2,hffd,1,1,-0.3199999999999932,0.005524410997168161
20,3,0.0,1.2,hffd,2,1,-0.45999999999997954,0.005937139998422936
20,3,0.0,1.2,hffd,3,1,-0.6999999999999886,0.00550405599642545
20,3,0.0,1.2,hffd,4,1,-0.9399999999999977,0.005318039999110624
20,3,0.3,0.8,round_robin,0,0,inf,0.00019991499721072614
20,3,0.3,0.8,round_robin,1,0,inf,0.00030861099367029965
20,3,0.3,0.8,round_robin,2,0,inf,0.00025413000548724085
20,3,0.3,0.8,round_robin,3,0,inf,0.0002729480038397014
20,3,0.3,0.8,round_robin,4,0,inf,0.00019309799245093018
20,3,0.3,0.8,serial_dictatorship,0,0,inf,0.0001840210024965927
20,3,0.3,0.8,serial_dictatorship,1,0,inf,0.00018905299657490104
20,3,0.3,0.8,serial_dictatorship,2,0,inf,0.0004241249989718199
20,3,0.3,0.8,serial_dictatorship,3,0,inf,0.0002462959964759648
20,3,0.3,0.8,serial_dictatorship,4,0,inf,0.00020269300148356706
20,3,0.3,0.8,hffd,0,1,-0.18190328465161087,0.005697574000805616
20,3,0.3,0.8,hffd,1,1,-0.10160092944914823,0.006772395994630642
20,3,0.3,0.8,hffd,2,1,-0.08993122356471872,0.005610601001535542
20,3,0.3,0.8,hffd,3,1,-0.03186710655809577,0.006223739997949451
20,3,0.3,0.8,hffd,4,1,-0.04578097644341028,0.006189004008774646
20,3,0.3,1.0,round_robin,0,0,inf,0.00018708800780586898
20,3,0.3,1.0,round_robin,1,0,inf,0.0002030850009759888
20,3,0.3,1.0,round_robin,2,0,inf,0.00022997500491328537
20,3,0.3,1.0,round_robin,3,0,inf,0.0001937850029207766
20,3,0.3,1.0,round_robin,4,0,inf,0.00023577299725729972
20,3,0.3,1.0,serial_dictatorship,0,0,inf,0.00024080000002868474
20,3,0.3,1.0,serial_dictatorship,1,0,inf,0.00018614900182001293
20,3,0.3,1.0,serial_dictatorship,2,0,inf,0.0002071839990094304
20,3,0.3,1.0,serial_dictatorship,3,0,inf,0.0003475099947536364
20,3,0.3,1.0,serial_dictatorship,4,0,inf,0.00022203900152817369
20,3,0.3,1.0,hffd,0,1,-0.019213011090982945,0.005783564993180335
20,3,0.3,1.0,hffd,1,1,-0.05334509750258576,0.00605808399268426
20,3,0.3,1.0,hffd,2,1,-0.7254279628146492,0.005676903005223721
20,3,0.3,1.0,hffd,3,1,-0.3252293710082199,0.005171735989279114
20,3,0.3,1.0,hffd,4,1,-0.20169918339868786,0.005641712996293791
20,3,0.3,1.2,round_robin,0,0,inf,0.0004452090070117265
20,3,0.3,1.2,round_robin,1,0,inf,0.00035890100116375834
20,3,0.3,1.2,round_robin,2,0,inf,0.00020489101007115096
20,3,0.3,1.2,round_robin,3,0,inf,0.0002335739991394803
20,3,0.3,1.2,round_robin,4,0,inf,0.00021429899788927287
20,3,0.3,1.2,serial_dictatorship,0,0,inf,0.00020598700211849064
20,3,0.3,1.2,serial_dictatorship,1,0,inf,0.0003675379994092509
20,3,0.3,1.2,serial_dictatorship,2,0,inf,0.00023070799943525344
20,3,0.3,1.2,serial_dictatorship,3,0,inf,0.0001951669983100146
20,3,0.3,1.2,serial_dictatorship,4,0,inf,0.00018730199371930212
20,3,0.3,1.2,hffd,0,1,-0.07423775289831269,0.00563012900238391
20,3,0.3,1.2,hffd,1,1,-0.051918623765800476,0.006659534992650151
20,3,0.3,1.2,hffd,2,1,-0.22128960979091516,0.006154671995318495
20,3,0.3,1.2,hffd,3,1,-0.10568613043170672,0.005736784005421214
20,3,0.3,1.2,hffd,4,1,-0.4822260797580782,0.007597470990731381
20,6,0.0,0.8,round_robin,0,0,inf,0.000238128995988518
20,6,0.0,0.8,round_robin,1,0,inf,0.0002871430042432621
20,6,0.0,0.8,round_robin,2,0,inf,0.0002872339973691851
20,6,0.0,0.8,round_robin,3,0,inf,0.00025723999715410173
20,6,0.0,0.8,round_robin,4,0,inf,0.0002504110016161576
20,6,0.0,0.8,serial_dictatorship,0,0,inf,0.00027220899937674403
20,6,0.0,0.8,serial_dictatorship,1,0,inf,0.00028119700436946005
20,6,0.0,0.8,serial_dictatorship,2,0,inf,0.0002067869936581701
20,6,0.0,0.8,serial_dictatorship,3,0,inf,0.00021064799511805177
20,6,0.0,0.8,serial_dictatorship,4,0,inf,0.0002956630050903186
20,6,0.0,0.8,hffd,0,1,-0.6399999999999864,0.01782145499601029
20,6,0.0,0.8,hffd,1,1,-0.36000000000001364,0.013228839001385495
20,6,0.0,0.8,hffd,2,1,-0.08000000000004093,0.013383386001805775
20,6,0.0,0.8,hffd,3,1,-0.6000000000000227,0.013609539993922226
20,6,0.0,0.8,hffd,4,1,-0.6399999999999864,0.01519982100580819
20,6,0.0,1.0,round_robin,0,0,inf,0.0002263750066049397
20,6,0.0,1.0,round_robin,1,0,inf,0.00020928100275341421
20,6,0.0,1.0,round_robin,2,0,inf,0.00021184200886636972
20,6,0.0,1.0,round_robin,3,0,inf,0.00021413499780464917
20,6,0.0,1.0,round_robin,4,0,inf,0.00024681599461473525
20,6,0.0,1.0,serial_dictatorship,0,0,inf,0.0003027990023838356
20,6,0.0,1.0,serial_dictatorship,1,0,inf,0.00022128000273369253
20,6,0.0,1.0,serial_dictatorship,2,0,inf,0.00021707999985665083
20,6,0.0,1.0,serial_dictatorship,3,0,inf,0.00023409799905493855
20,6,0.0,1.0,serial_dictatorship,4,0,inf,0.00026097899535670877
20,6,0.0,1.0,hffd,0,1,-0.5500000000000114,0.014950180993764661
20,6,0.0,1.0,hffd,1,1,-0.9499999999999886,0.015276809994247742
20,6,0.0,1.0,hffd,2,1,-0.6000000000000227,0.016403120011091232
20,6,0.0,1.0,hffd,3,1,-0.25,0.015225099996314384
20,6,0.0,1.0,hffd,4,1,-0.5500000000000114,0.01465297699905932
20,6,0.0,1.2,round_robin,0,0,inf,0.00022916799935046583
20,6,0.0,1.2,round_robin,1,0,inf,0.0002467680023983121
20,6,0.0,1.2,round_robin,2,0,inf,0.00022353799431584775
20,6,0.0,1.2,round_robin,3,0,inf,0.00040053499105852097
20,6,0.0,1.2,round_robin,4,0,inf,0.00026037299539893866
20,6,0.0,1.2,serial_dictatorship,0,0,inf,0.0002854490012396127
20,6,0.0,1.2,serial_dictatorship,1,0,inf,0.00022459299361798912
20,6,0.0,1.2,serial_dictatorship,2,0,inf,0.0002650130045367405
20,6,0.0,1.2,serial_dictatorship,3,0,inf,0.00022169000294525176
20,6,0.0,1.2,serial_dictatorship,4,0,inf,0.00029199699929449707
20,6,0.0,1.2,hffd,0,1,-0.45999999999997954,0.01507188900723122
20,6,0.0,1.2,hffd,1,1,-0.5399999999999636,0.014324303003377281
20,6,0.0,1.2,hffd,2,1,-0.12000000000000455,0.014460406004218385
20,6,0.0,1.2,hffd,3,1,-0.8999999999999773,0.01462049399560783
20,6,0.0,1.2,hffd,4,1,-0.4599999999999227,0.016159463993972167
20,6,0.3,0.8,round_robin,0,0,inf,0.00027872101054526865
20,6,0.3,0.8,round_robin,1,0,inf,0.0002127330080838874
20,6,0.3,0.8,round_robin,2,0,inf,0.0003482730098767206
20,6,0.3,0.8,round_robin,3,0,inf,0.0005402060050982982
20,6,0.3,0.8,round_robin,4,0,inf,0.00030100499861873686
20,6,0.3,0.8,serial_dictatorship,0,0,inf,0.00022925699886400253
20,6,0.3,0.8,serial_dictatorship,1,0,inf,0.0002427480067126453
20,6,0.3,0.8,serial_dictatorship,2,0,inf,0.0002257129963254556
20,6,0.3,0.8,serial_dictatorship,3,0,inf,0.00027896898973267525
20,6,0.3,0.8,serial_dictatorship,4,0,inf,0.00020588099141605198
20,6,0.3,0.8,hffd,0,1,-0.041618553359001,0.014735249991645105
20,6,0.3,0.8,hffd,1,1,-0.11704869859289602,0.01645067699428182
20,6,0.3,0.8,hffd,2,1,-0.0679535147248771,0.014521303994115442
20,6,0.3,0.8,hffd,3,1,-0.13106464807296447,0.015774094994412735
20,6,0.3,0.8,hffd,4,1,-0.03939535507851133,0.016137961007189006
20,6,0.3,1.0,round_robin,0,0,inf,0.0002457470109220594
20,6,0.3,1.0,round_robin,1,0,inf,0.0002833580074366182
20,6,0.3,1.0,round_robin,2,0,inf,0.0002472360065439716
20,6,0.3,1.0,round_robin,3,0,inf,0.00022631300089415163
20,6,0.3,1.0,round_robin,4,0,inf,0.0002611319941934198
20,6,0.3,1.0,serial_dictatorship,0,0,inf,0.0003389390039956197
20,6,0.3,1.0,serial_dictatorship,1,0,inf,0.00027966500783804804
20,6,0.3,1.0,serial_dictatorship,2,0,inf,0.00024506699992343783
20,6,0.3,1.0,serial_dictatorship,3,0,inf,0.0002167750062653795
20,6,0.3,1.0,serial_dictatorship,4,0,inf,0.0002120120043400675
20,6,0.3,1.0,hffd,0,1,-0.0023263047755222033,0.01486148800177034
20,6,0.3,1.0,hffd,1,1,-0.06168646146250012,0.017903763000504114
20,6,0.3,1.0,hffd,2,1,-0.14015972095546658,0.015451535989996046
20,6,0.3,1.0,hffd,3,1,-0.14203297357892097,0.014968172006774694
20,6,0.3,1.0,hffd,4,1,-0.03481462374628563,0.01446444500470534
20,6,0.3,1.2,round_robin,0,0,inf,0.00024082600430119783
20,6,0.3,1.2,round_robin,1,0,inf,0.0003862790035782382
20,6,0.3,1.2,round_robin,2,0,inf,0.00039411398756783456
20,6,0.3,1.2,round_robin,3,0,inf,0.0003161549975629896
20,6,0.3,1.2,round_robin,4,0,inf,0.00020620800205506384
20,6,0.3,1.2,serial_dictatorship,0,0,inf,0.00021830599871464074
20,6,0.3,1.2,serial_dictatorship,1,0,inf,0.00022986899421084672
20,6,0.3,1.2,serial_dictatorship,2,0,inf,0.00028394699620548636
20,6,0.3,1.2,serial_dictatorship,3,0,inf,0.00024408100580330938
20,6,0.3,1.2,serial_dictatorship,4,0,inf,0.00030398598755709827
20,6,0.3,1.2,hffd,0,1,-0.053658297212280104,0.019048709000344388
20,6,0.3,1.2,hffd,1,1,-0.29482954939368256,0.016443610991700552
20,6,0.3,1.2,hffd,2,1,-0.012120916133483206,0.015621648999513127
20,6,0.3,1.2,hffd,3,1,-0.21994291279958134,0.01733406500716228
20,6,0.3,1.2,hffd,4,1,-0.4122145820140872,0.016418586994404905
40,3,0.0,0.8,round_robin,0,0,inf,0.00030907700420357287
40,3,0.0,0.8,round_robin,1,0,inf,0.0003457910061115399
40,3,0.0,0.8,round_robin,2,0,inf,0.0002660899917827919
40,3,0.0,0.8,round_robin,3,0,inf,0.0002671410038601607
40,3,0.0,0.8,round_robin,4,0,inf,0.00031653499172534794
40,3,0.0,0.8,serial_dictatorship,0,0,inf,0.00034688899177126586
40,3,0.0,0.8,serial_dictatorship,1,0,inf,0.00031100399792194366
40,3,0.0,0.8,serial_dictatorship,2,0,inf,0.00029437900229822844
40,3,0.0,0.8,serial_dictatorship,3,0,inf,0.0003697060019476339
40,3,0.0,0.8,serial_dictatorship,4,0,inf,0.0002975469978991896
40,3,0.0,0.8,hffd,0,1,-0.8199999999999932,0.041013092995854095
40,3,0.0,0.8,hffd,1,1,-0.18000000000000682,0.03831817900936585
40,3,0.0,0.8,hffd,2,1,-0.040000000000020464,0.040127159998519346
40,3,0.0,0.8,hffd,3,1,-0.30000000000001137,0.04102216201135889
40,3,0.0,0.8,hffd,4,1,-0.8199999999999932,0.03630276799958665
40,3,0.0,1.0,round_robin,0,0,inf,0.0002656219876371324
40,3,0.0,1.0,round_robin,1,0,inf,0.0002803919924190268
40,3,0.0,1.0,round_robin,2,0,inf,0.00032739700691308826
40,3,0.0,1.0,round_robin,3,0,inf,0.0002577230043243617
40,3,0.0,1.0,round_robin,4,0,inf,0.0006060010055080056
40,3,0.0,1.0,serial_dictatorship,0,0,inf,0.0002768949925666675
40,3,0.0,1.0,serial_dictatorship,1,0,inf,0.00026072299806401134
40,3,0.0,1.0,serial_dictatorship,2,0,inf,0.00026262999745085835
40,3,0.0,1.0,serial_dictatorship,3,0,inf,0.00032116899092216045
40,3,0.0,1.0,serial_dictatorship,4,0,inf,0.000260998000157997
40,3,0.0,1.0,hffd,0,1,-0.2750000000000057,0.04208821400243323
40,3,0.0,1.0,hffd,1,1,-0.9749999999999943,0.03938664599263575
40,3,0.0,1.0,hffd,2,1,-0.30000000000001137,0.03986532799899578
40,3,0.0,1.0,hffd,3,1,-0.125,0.042995672003598884
40,3,0.0,1.0,hffd,4,1,-0.7750000000000057,0.03933076599787455
40,3,0.0,1.2,round_robin,0,0,inf,0.000284237990854308
40,3,0.0,1.2,round_robin,1,0,inf,0.000319305996526964
40,3,0.0,1.2,round_robin,2,0,inf,0.00027672501164488494
40,3,0.0,1.2,round_robin,3,0,inf,0.0002601799933472648
40,3,0.0,1.2,round_robin,4,0,inf,0.0002615429984871298
40,3,0.0,1.2,serial_dictatorship,0,0,inf,0.0003623209922807291
40,3,0.0,1.2,serial_dictatorship,1,0,inf,0.0002852469915524125
40,3,0.0,1.2,serial_dictatorship,2,0,inf,0.000268713993136771
40,3,0.0,1.2,serial_dictatorship,3,0,inf,0.0002586189948488027
40,3,0.0,1.2,serial_dictatorship,4,0,inf,0.00031975000456441194
40,3,0.0,1.2,hffd,0,1,-0.7299999999999898,0.040329712006496266
40,3,0.0,1.2,hffd,1,1,-0.7699999999999818,0.03853879400412552
40,3,0.0,1.2,hffd,2,1,-0.5600000000000023,0.04273894999641925
40,3,0.0,1.2,hffd,3,1,-0.9499999999999886,0.03847393400792498
40,3,0.0,1.2,hffd,4,1,-0.7299999999999613,0.03734505700413138
40,3,0.3,0.8,round_robin,0,0,inf,0.00036579000880010426
40,3,0.3,0.8,round_robin,1,0,inf,0.0003516750002745539
40,3,0.3,0.8,round_robin,2,0,inf,0.00039246000233106315
40,3,0.3,0.8,round_robin,3,0,inf,0.00046093499986454844
40,3,0.3,0.8,round_robin,4,0,inf,0.0003383510047569871
40,3,0.3,0.8,serial_dictatorship,0,0,inf,0.00027401300030760467
40,3,0.3,0.8,serial_dictatorship,1,0,inf,0.0002669300010893494
40,3,0.3,0.8,serial_dictatorship,2,0,inf,0.0004906260001007468
40,3,0.3,0.8,serial_dictatorship,3,0,inf,0.00026049600273836404
40,3,0.3,0.8,serial_dictatorship,4,0,inf,0.0002762399963103235
40,3,0.3,0.8,hffd,0,1,-0.0919727010917768,0.03995035598927643
40,3,0.3,0.8,hffd,1,1,-0.07384181619988794,0.041038955008843914
40,3,0.3,0.8,hffd,2,1,-0.11612881587856805,0.04101636000268627
40,3,0.3,0.8,hffd,3,1,-0.012149236500420102,0.04092981400026474
40,3,0.3,0.8,hffd,4,1,-0.05065490462189359,0.04498593299649656
40,3,0.3,1.0,round_robin,0,0,inf,0.000280878011835739
40,3,0.3,1.0,round_robin,1,0,inf,0.00028501499036792666
40,3,0.3,1.0,round_robin,2,0,inf,0.00028384100005496293
40,3,0.3,1.0,round_robin,3,0,inf,0.00043756599188782275
40,3,0.3,1.0,round_robin,4,0,inf,0.00031490999390371144
40,3,0.3,1.0,serial_dictatorship,0,0,inf,0.0002625139895826578
40,3,0.3,1.0,serial_dictatorship,1,0,inf,0.00030998600414022803
40,3,0.3,1.0,serial_dictatorship,2,0,inf,0.00025033099518623203
40,3,0.3,1.0,serial_dictatorship,3,0,inf,0.0002927189925685525
40,3,0.3,1.0,serial_dictatorship,4,0,inf,0.0002523000002838671
40,3,0.3,1.0,hffd,0,1,-0.035057785987731904,0.03966253899852745
40,3,0.3,1.0,hffd,1,1,-0.21979828481133268,0.04937717999564484
40,3,0.3,1.0,hffd,2,1,-0.08876965583633023,0.04389863299729768
40,3,0.3,1.0,hffd,3,1,-0.03508594707543011,0.042552745013381355
40,3,0.3,1.0,hffd,4,1,-0.3987172316190879,0.04099741601385176
40,3,0.3,1.2,round_robin,0,0,inf,0.00028247501177247614
40,3,0.3,1.2,round_robin,1,0,inf,0.00037389299541246146
40,3,0.3,1.2,round_robin,2,0,inf,0.0003119239991065115
40,3,0.3,1.2,round_robin,3,0,inf,0.00025583599926903844
40,3,0.3,1.2,round_robin,4,0,inf,0.0002523040020605549
40,3,0.3,1.2,serial_dictatorship,0,0,inf,0.00027204598882235587
40,3,0.3,1.2,serial_dictatorship,1,0,inf,0.00028047600062564015
40,3,0.3,1.2,serial_dictatorship,2,0,inf,0.00032048599678091705
40,3,0.3,1.2,serial_dictatorship,3,0,inf,0.0002686299994820729
40,3,0.3,1.2,serial_dictatorship,4,0,inf,0.00026606200844980776
40,3,0.3,1.2,hffd,0,1,-0.0018410072456447324,0.0385797570052091
40,3,0.3,1.2,hffd,1,1,-0.17289417622359338,0.03878449100011494
40,3,0.3,1.2,hffd,2,1,-0.03342705099248633,0.04154058400308713
40,3,0.3,1.2,hffd,3,1,-0.04173267649792933,0.0445763620082289
40,3,0.3,1.2,hffd,4,1,-0.042614573105282716,0.03950091499427799
40,6,0.0,0.8,round_robin,0,0,inf,0.00031088000105228275
40,6,0.0,0.8,round_robin,1,0,inf,0.00032531400211155415
40,6,0.0,0.8,round_robin,2,0,inf,0.0003265569976065308
40,6,0.0,0.8,round_robin,3,0,inf,0.00033516300027258694
40,6,0.0,0.8,round_robin,4,0,inf,0.000833653990412131
40,6,0.0,0.8,serial_dictatorship,0,0,inf,0.00038337100704666227
40,6,0.0,0.8,serial_dictatorship,1,0,inf,0.0003601500065997243
40,6,0.0,0.8,serial_dictatorship,2,0,inf,0.00034739699913188815
40,6,0.0,0.8,serial_dictatorship,3,0,inf,0.0005225530039751902
40,6,0.0,0.8,serial_dictatorship,4,0,inf,0.0004829660028917715
40,6,0.0,0.8,hffd,0,1,-0.30000000000001137,0.11379030799434986
40,6,0.0,0.8,hffd,1,1,-0.12000000000000455,0.10427874999004416
40,6,0.0,0.8,hffd,2,1,-0.7600000000000477,0.10582923800393473
40,6,0.0,0.8,hffd,3,1,-0.08000000000004093,0.10724656700040214
40,6,0.0,0.8,hffd,4,1,-0.160000000000025,0.1249004440032877
40,6,0.0,1.0,round_robin,0,0,inf,0.00036124100734014064
40,6,0.0,1.0,round_robin,1,0,inf,0.0009566740045556799
40,6,0.0,1.0,round_robin,2,0,inf,0.0003561959892977029
40,6,0.0,1.0,round_robin,3,0,inf,0.0003661700029624626
40,6,0.0,1.0,round_robin,4,0,inf,0.0005688459932571277
40,6,0.0,1.0,serial_dictatorship,0,0,inf,0.0006197479960974306
40,6,0.0,1.0,serial_dictatorship,1,0,inf,0.0004208369937259704
40,6,0.0,1.0,serial_dictatorship,2,0,inf,0.0005198849976295605
40,6,0.0,1.0,serial_dictatorship,3,0,inf,0.0004277420084690675
40,6,0.0,1.0,serial_dictatorship,4,0,inf,0.00035869899147655815
40,6,0.0,1.0,hffd,0,1,-0.125,0.12273937799909618
40,6,0.0,1.0,hffd,1,1,-0.6499999999999773,0.11879651100025512
40,6,0.0,1.0,hffd,2,1,-0.9499999999999886,0.11763831399730407
40,6,0.0,1.0,hffd,3,1,-0.10000000000002274,0.12276137199660297
40,6,0.0,1.0,hffd,4,1,-0.44999999999998863,0.13136505401053
40,6,0.0,1.2,round_robin,0,0,inf,0.00033251699642278254
40,6,0.0,1.2,round_robin,1,0,inf,0.0005183070024941117
40,6,0.0,1.2,round_robin,2,0,inf,0.0006313350022537634
40,6,0.0,1.2,round_robin,3,0,inf,0.0003395540115889162
40,6,0.0,1.2,round_robin,4,0,inf,0.000329471004079096
40,6,0.0,1.2,serial_dictatorship,0,0,inf,0.00032185300369746983
40,6,0.0,1.2,serial_dictatorship,1,0,inf,0.0005772059957962483
40,6,0.0,1.2,serial_dictatorship,2,0,inf,0.0004209100006846711
40,6,0.0,1.2,serial_dictatorship,3,0,inf,0.0003204019885743037
40,6,0.0,1.2,serial_dictatorship,4,0,inf,0.0003816999960690737
40,6,0.0,1.2,hffd,0,1,-0.9499999999999886,0.13204122899333015
40,6,0.0,1.2,hffd,1,1,-0.17999999999994998,0.14534615899901837
40,6,0.0,1.2,hffd,2,1,-0.13999999999998636,0.1555433609901229
40,6,0.0,1.2,hffd,3,1,-0.12000000000000455,0.13603442399471533
40,6,0.0,1.2,hffd,4,1,-0.7399999999999523,0.13224312700913288
40,6,0.3,0.8,round_robin,0,0,inf,0.0003345400036778301
40,6,0.3,0.8,round_robin,1,0,inf,0.0003593159926822409
40,6,0.3,0.8,round_robin,2,0,inf,0.00041604400030337274
40,6,0.3,0.8,round_robin,3,0,inf,0.0003544040082488209
40,6,0.3,0.8,round_robin,4,0,inf,0.00034753700310830027
40,6,0.3,0.8,serial_dictatorship,0,0,inf,0.0009602549980627373
40,6,0.3,0.8,serial_dictatorship,1,0,inf,0.00040951800474431366
40,6,0.3,0.8,serial_dictatorship,2,0,inf,0.000422717013861984
40,6,0.3,0.8,serial_dictatorship,3,0,inf,0.000504322990309447
40,6,0.3,0.8,serial_dictatorship,4,0,inf,0.0005450949975056574
40,6,0.3,0.8,hffd,0,1,-0.006757673002368847,0.12374842900317162
40,6,0.3,0.8,hffd,1,1,-0.04280059893460475,0.11422259100072552
40,6,0.3,0.8,hffd,2,1,-0.18875115529294817,0.11341255300794728
40,6,0.3,0.8,hffd,3,1,-0.011772614801202508,0.11213815200608224
40,6,0.3,0.8,hffd,4,1,-0.004472148664547149,0.13533965100941714
40,6,0.3,1.0,round_robin,0,0,inf,0.00035664399911183864
40,6,0.3,1.0,round_robin,1,0,inf,0.00032846898830030113
40,6,0.3,1.0,round_robin,2,0,inf,0.0008303279901156202
40,6,0.3,1.0,round_robin,3,0,inf,0.00036760700459126383
40,6,0.3,1.0,round_robin,4,0,inf,0.0010918210027739406
40,6,0.3,1.0,serial_dictatorship,0,0,inf,0.00043742799607571214
40,6,0.3,1.0,serial_dictatorship,1,0,inf,0.0004638499958673492
40,6,0.3,1.0,serial_dictatorship,2,0,inf,0.0006034379912307486
40,6,0.3,1.0,serial_dictatorship,3,0,inf,0.00037856500421185046
40,6,0.3,1.0,serial_dictatorship,4,0,inf,0.00038014299934729934
40,6,0.3,1.0,hffd,0,1,-0.38719289488903996,0.11875366599997506
40,6,0.3,1.0,hffd,1,1,-0.0029906122429110837,0.12765480601228774
40,6,0.3,1.0,hffd,2,1,-0.0053217091422084195,0.11467040600837208
40,6,0.3,1.0,hffd,3,1,-0.020882056343907607,0.11980100700748153
40,6,0.3,1.0,hffd,4,1,-0.0038431161747212172,0.12534811699879356
40,6,0.3,1.2,round_robin,0,0,inf,0.00039603200275450945
40,6,0.3,1.2,round_robin,1,0,inf,0.0004677929973695427
40,6,0.3,1.2,round_robin,2,0,inf,0.0004998270014766604
40,6,0.3,1.2,round_robin,3,0,inf,0.00039974000537768006
40,6,0.3,1.2,round_robin,4,0,inf,0.0008123930019792169
40,6,0.3,1.2,serial_dictatorship,0,0,inf,0.0003283219994045794
40,6,0.3,1.2,serial_dictatorship,1,0,inf,0.0003144639922538772
40,6,0.3,1.2,serial_dictatorship,2,0,inf,0.0006551549886353314
40,6,0.3,1.2,serial_dictatorship,3,0,inf,0.0003140170010738075
40,6,0.3,1.2,serial_dictatorship,4,0,inf,0.00039501499850302935
40,6,0.3,1.2,hffd,0,1,-0.061216728251736185,0.11693585700413678
40,6,0.3,1.2,hffd,1,1,-0.0787381550234727,0.11915029400552157
40,6,0.3,1.2,hffd,2,1,-0.05121980133424131,0.11976241099182516
40,6,0.3,1.2,hffd,3,1,-0.007129297712651805,0.12691382500634063
40,6,0.3,1.2,hffd,4,1,-0.018383993791928788,0.15301734900276642
